fecha,id_ruta,hora_inicio_jornada,hora_fin_jornada,tiempo_inicio_ruta,tiempo_fin_ruta,tiempo_total_jornada,cant_productos,tiempo_inicio_ruta_delta,tiempo_fin_ruta_delta,tiempo_preparacion_minutos,velocidad_despacho,mi_dificultad,semana,mes,horas_jornada,productividad_jornada,dia_semana,dificultad_cuartiles
2026-09-01,10162,,,20:04:22,20:07:47,,37,,,3.4166666666666665,649.7560975609756,Difícil,36,September,5.228055555555556,7.077200998884225,Tuesday,Difícil (bottom 25%)
2026-09-14,10093,,,20:09:26,20:15:45,,100,,,6.316666666666666,949.868073878628,Media,38,September,5.228055555555556,19.12757026725466,Monday,Media (25-75%)
2026-08-22,10031,,,20:16:49,20:21:58,,48,,,5.15,559.2233009708738,Difícil,34,August,5.228055555555556,9.181233728282235,Saturday,Difícil (bottom 25%)
2026-08-08,10088,,,20:23:29,20:25:21,,7,,,1.8666666666666667,225.0,Difícil,32,August,5.228055555555556,1.3389299187078263,Saturday,Difícil (bottom 25%)
2026-09-05,10155,,,18:55:55,19:14:17,,143,,,18.366666666666667,467.1506352087114,Difícil,36,September,5.228055555555556,27.35242548217417,Saturday,Difícil (bottom 25%)
2026-08-01,10090,,,17:37:25,17:47:27,,232,,,10.033333333333331,1387.3754152823922,Media,31,August,5.228055555555556,44.37596302003082,Saturday,Media (25-75%)
2026-08-14,10041,,,19:17:09,19:29:30,,168,,,12.35,816.1943319838057,Difícil,33,August,5.228055555555556,32.13431804898783,Friday,Difícil (bottom 25%)
2026-09-01,10144,,,19:38:03,19:49:03,,165,,,11.0,900.0000000000001,Media,36,September,5.228055555555556,31.56049094097019,Tuesday,Media (25-75%)
2026-09-20,10114,,,19:30:41,19:35:10,,198,,,4.483333333333333,2649.814126394052,Fácil,38,September,5.228055555555556,37.87258912916423,Sunday,Fácil (top 25%)
2026-08-12,10152,,,19:50:06,20:02:31,,237,,,12.416666666666666,1145.2348993288592,Media,33,August,5.228055555555556,45.332341533393546,Wednesday,Media (25-75%)
2026-08-16,10053,,,17:48:47,18:53:41,,7777,,,64.9,7189.830508474575,Fácil,33,August,5.228055555555556,1487.5511396843951,Sunday,Fácil (top 25%)
2026-08-04,10133,,,21:55:54,22:33:56,,1521,,,38.03333333333333,2399.474145486416,Fácil,32,August,5.228055555555556,290.9303437649434,Tuesday,Fácil (top 25%)
2026-08-04,10129,,,23:14:23,23:29:58,,684,,,15.583333333333334,2633.5828877005347,Fácil,32,August,5.228055555555556,130.8325806280219,Tuesday,Fácil (top 25%)
2026-08-17,10150,,,23:31:36,23:47:29,,891,,,15.883333333333333,3365.7922350472195,Fácil,34,August,5.228055555555556,170.42665108123904,Monday,Fácil (top 25%)
2026-09-15,10079,,,22:37:05,23:09:07,,1469,,,32.03333333333333,2751.508844953174,Fácil,38,September,5.228055555555556,280.98400722597097,Tuesday,Fácil (top 25%)
2026-08-29,10062,,,23:50:53,00:04:47,,363,,,13.9,1566.906474820144,Media,35,August,5.228055555555556,69.43308007013442,Saturday,Media (25-75%)
2026-09-02,10167,,,21:05:19,21:31:14,,762,,,25.916666666666668,1764.1157556270095,Media,36,September,5.228055555555556,145.7520854364805,Wednesday,Media (25-75%)
2026-08-17,10060,,,21:32:41,21:54:43,,746,,,22.03333333333333,2031.467473524962,Media,34,August,5.228055555555556,142.6916741937198,Monday,Media (25-75%)
2026-07-28,10172,,,17:19:14,17:23:43,,44,,,4.483333333333333,588.8475836431227,Difícil,31,July,4.501111111111111,9.775364107627746,Tuesday,Difícil (bottom 25%)
2026-08-16,10033,,,17:25:25,18:08:38,,725,,,43.21666666666667,1006.5561126108754,Media,33,August,4.501111111111111,161.07134040977536,Sunday,Media (25-75%)
2026-09-16,10139,,,17:04:42,17:18:00,,192,,,13.3,866.1654135338346,Media,38,September,4.501111111111111,42.65613428783016,Wednesday,Media (25-75%)
2026-07-27,10037,,,18:11:22,18:14:59,,35,,,3.6166666666666663,580.6451612903226,Difícil,31,July,4.501111111111111,7.775857812885706,Monday,Difícil (bottom 25%)
2026-08-18,10160,,,18:16:12,18:19:05,,19,,,2.8833333333333333,395.3757225433527,Difícil,34,August,4.501111111111111,4.221179955566527,Tuesday,Difícil (bottom 25%)
2026-09-07,10074,,,18:20:31,18:24:56,,57,,,4.416666666666667,774.3396226415094,Difícil,37,September,4.501111111111111,12.66353986669958,Monday,Difícil (bottom 25%)
2026-08-24,10042,,,18:39:28,18:46:04,,92,,,6.6,836.3636363636364,Difícil,35,August,4.501111111111111,20.439397679585287,Monday,Difícil (bottom 25%)
2026-09-01,10132,,,18:26:01,18:38:24,,153,,,12.383333333333333,741.3189771197847,Difícil,36,September,4.501111111111111,33.991607010614665,Tuesday,Difícil (bottom 25%)
2026-07-27,10136,,,16:52:41,17:02:20,,354,,,9.65,2201.036269430052,Media,31,July,4.501111111111111,78.64724759318686,Monday,Media (25-75%)
2026-09-23,10104,,,18:47:26,18:52:51,,115,,,5.416666666666667,1273.8461538461538,Media,39,September,4.501111111111111,25.549247099481608,Wednesday,Media (25-75%)
2026-08-15,10167,,,19:04:38,19:29:33,,772,,,24.916666666666668,1858.9966555183944,Media,33,August,4.501111111111111,171.51320661565046,Saturday,Media (25-75%)
2026-08-27,10010,,,19:32:17,19:55:56,,975,,,23.65,2473.5729386892176,Fácil,35,August,4.501111111111111,216.61318193038755,Thursday,Fácil (top 25%)
2026-08-06,10023,,,20:46:24,21:15:49,,1457,,,29.416666666666668,2971.784702549575,Fácil,32,August,4.501111111111111,323.69785238212785,Thursday,Fácil (top 25%)
2026-09-21,10072,,,21:18:32,21:54:21,,1092,,,35.81666666666667,1829.315960912052,Media,39,September,4.501111111111111,242.6067637620341,Monday,Media (25-75%)
2026-08-16,10137,,,21:57:01,22:16:57,,756,,,19.933333333333334,2275.5852842809363,Media,33,August,4.501111111111111,167.95852875833128,Sunday,Media (25-75%)
2026-09-07,10134,,,22:18:47,22:33:42,,696,,,14.916666666666666,2799.5530726256984,Fácil,37,September,4.501111111111111,154.62848679338435,Monday,Fácil (top 25%)
2026-08-19,10156,,,20:29:48,20:45:15,,687,,,15.45,2667.9611650485435,Fácil,34,August,4.501111111111111,152.6289804986423,Wednesday,Fácil (top 25%)
2026-09-13,10155,,,17:40:01,18:07:16,,422,,,27.25,929.1743119266056,Media,37,September,5.378333333333333,78.46296870158042,Sunday,Media (25-75%)
2026-08-22,10138,,,18:09:17,18:24:01,,381,,,14.733333333333333,1551.5837104072398,Media,34,August,5.378333333333333,70.83978927796716,Saturday,Media (25-75%)
2026-09-23,10117,,,18:26:31,18:54:52,,1026,,,28.35,2171.428571428571,Media,39,September,5.378333333333333,190.7654167957856,Wednesday,Media (25-75%)
2026-09-06,10008,,,16:50:44,17:12:42,,546,,,21.966666666666665,1491.350531107739,Media,36,September,5.378333333333333,101.5184381778742,Sunday,Media (25-75%)
2026-08-23,10120,,,17:23:28,17:37:48,,353,,,14.333333333333334,1477.674418604651,Media,34,August,5.378333333333333,65.63371552525567,Sunday,Media (25-75%)
2026-09-24,10063,,,18:59:53,19:23:24,,727,,,23.516666666666666,1854.8547129695253,Media,39,September,5.378333333333333,135.17198636504494,Thursday,Media (25-75%)
2026-08-11,10161,,,19:26:39,19:31:49,,77,,,5.166666666666667,894.1935483870968,Media,33,August,5.378333333333333,14.316702819956618,Tuesday,Media (25-75%)
2026-08-10,10036,,,17:17:01,17:21:41,,65,,,4.666666666666667,835.7142857142857,Difícil,33,August,5.378333333333333,12.085528354508831,Monday,Difícil (bottom 25%)
2026-09-11,10023,,,22:01:29,22:24:52,,925,,,23.383333333333333,2373.4853884533145,Fácil,37,September,5.378333333333333,171.9863650449334,Friday,Fácil (top 25%)
2026-09-15,10133,,,19:33:35,20:33:51,,1297,,,60.266666666666666,1291.2610619469026,Media,38,September,5.378333333333333,241.1527734738147,Tuesday,Media (25-75%)
2026-09-08,10137,,,22:28:56,22:48:11,,1001,,,19.25,3119.9999999999995,Fácil,37,September,5.378333333333333,186.11713665943603,Tuesday,Fácil (top 25%)
2026-09-19,10020,,,22:49:59,23:11:17,,1015,,,21.3,2859.1549295774644,Fácil,38,September,5.378333333333333,188.72017353579176,Saturday,Fácil (top 25%)
2026-09-16,10062,,,23:13:49,23:26:33,,569,,,12.733333333333333,2681.151832460733,Fácil,38,September,5.378333333333333,105.79485590331578,Wednesday,Fácil (top 25%)
2026-09-21,10156,,,21:23:19,21:42:58,,744,,,19.65,2271.75572519084,Media,39,September,5.378333333333333,138.33281685776265,Monday,Media (25-75%)
2026-07-29,10028,,,21:08:53,21:19:13,,251,,,10.333333333333334,1457.4193548387098,Media,31,July,5.378333333333333,46.66873256894949,Wednesday,Media (25-75%)
2026-09-01,10060,,,21:44:25,22:00:13,,928,,,15.8,3524.050632911392,Fácil,36,September,5.378333333333333,172.54415866129534,Tuesday,Fácil (top 25%)
2026-09-16,10013,,,16:53:14,17:12:13,,466,,,18.98333333333333,1472.8709394205443,Media,38,September,5.558055555555556,83.84227097805987,Wednesday,Media (25-75%)
2026-08-03,10082,,,17:15:17,17:26:48,,193,,,11.516666666666667,1005.4992764109984,Media,32,August,5.558055555555556,34.72437403168574,Monday,Media (25-75%)
2026-08-17,10024,,,18:44:17,18:52:29,,124,,,8.2,907.3170731707318,Media,34,August,5.558055555555556,22.309960517767003,Monday,Media (25-75%)
2026-08-05,10122,,,18:53:40,19:20:09,,865,,,26.48333333333333,1959.723096286973,Media,32,August,5.558055555555556,155.62996651506822,Wednesday,Media (25-75%)
2026-09-04,10077,,,19:24:17,19:45:03,,544,,,20.766666666666666,1571.749598715891,Media,36,September,5.558055555555556,97.87595581988106,Friday,Media (25-75%)
2026-08-14,10095,,,17:28:43,17:36:53,,133,,,8.166666666666666,977.1428571428572,Media,33,August,5.558055555555556,23.92923184566945,Friday,Media (25-75%)
2026-07-31,10158,,,17:38:11,18:41:07,,3583,,,62.93333333333333,3415.9957627118647,Fácil,31,July,5.558055555555556,644.6499075416062,Friday,Fácil (top 25%)
2026-08-21,10157,,,19:47:45,19:57:13,,390,,,9.466666666666669,2471.8309859154933,Fácil,34,August,5.558055555555556,70.1684242091059,Friday,Fácil (top 25%)
2026-09-25,10143,,,20:00:42,20:04:18,,71,,,3.6,1183.3333333333333,Media,39,September,5.558055555555556,12.774251586785946,Friday,Media (25-75%)
2026-08-10,10165,,,20:05:54,20:06:44,,18,,,0.8333333333333334,1296.0,Media,33,August,5.558055555555556,3.2385426558048875,Monday,Media (25-75%)
2026-09-15,10149,,,20:08:06,20:09:04,,18,,,0.9666666666666668,1117.2413793103449,Media,38,September,5.558055555555556,3.2385426558048875,Tuesday,Media (25-75%)
2026-09-23,10007,,,20:10:11,20:13:45,,60,,,3.566666666666667,1009.3457943925232,Media,39,September,5.558055555555556,10.795142186016292,Wednesday,Media (25-75%)
2026-08-05,10168,,,20:14:58,20:16:00,,18,,,1.0333333333333334,1045.1612903225805,Media,32,August,5.558055555555556,3.2385426558048875,Wednesday,Media (25-75%)
2026-08-22,10004,,,20:17:17,20:19:24,,20,,,2.1166666666666667,566.9291338582677,Difícil,34,August,5.558055555555556,3.598380728672097,Saturday,Difícil (bottom 25%)
2026-09-18,10019,,,20:20:39,20:23:18,,55,,,2.65,1245.2830188679245,Media,38,September,5.558055555555556,9.895547003848268,Friday,Media (25-75%)
2026-07-29,10023,,,21:50:11,22:16:54,,1186,,,26.716666666666665,2663.5059263880225,Fácil,31,July,5.558055555555556,213.38397721025535,Wednesday,Fácil (top 25%)
2026-08-16,10072,,,22:19:51,22:30:14,,167,,,10.383333333333333,965.0080256821832,Media,33,August,5.558055555555556,30.046479084412013,Sunday,Media (25-75%)
2026-08-24,10140,,,22:32:08,22:47:04,,726,,,14.933333333333334,2916.964285714286,Fácil,35,August,5.558055555555556,130.62122045079713,Monday,Fácil (top 25%)
2026-09-12,10129,,,22:52:49,23:11:07,,890,,,18.3,2918.032786885246,Fácil,37,September,5.558055555555556,160.12794242590834,Saturday,Fácil (top 25%)
2026-09-25,10150,,,23:14:58,23:33:22,,1085,,,18.4,3538.04347826087,Fácil,39,September,5.558055555555556,195.21215453046128,Friday,Fácil (top 25%)
2026-08-03,10020,,,23:34:58,23:53:56,,675,,,18.966666666666665,2135.325131810194,Media,32,August,5.558055555555556,121.44534959268329,Monday,Media (25-75%)
2026-09-09,10028,,,20:59:27,21:19:19,,433,,,19.866666666666667,1307.718120805369,Media,37,September,5.558055555555556,77.90494277575091,Wednesday,Media (25-75%)
2026-08-04,10029,,,21:23:12,21:47:50,,939,,,24.633333333333333,2287.144790257104,Fácil,32,August,5.558055555555556,168.94397521115496,Tuesday,Fácil (top 25%)
2026-09-13,10035,,,21:06:40,21:13:44,,67,,,7.066666666666666,568.867924528302,Difícil,37,September,5.936111111111111,11.286850725315864,Sunday,Difícil (bottom 25%)
2026-09-01,10000,,,21:14:13,21:18:13,,29,,,4.0,435.0,Difícil,36,September,5.936111111111111,4.885353299017314,Tuesday,Difícil (bottom 25%)
2026-08-11,10155,,,18:14:18,18:38:23,,534,,,24.08333333333333,1330.3806228373703,Media,33,August,5.936111111111111,89.95788488535331,Tuesday,Media (25-75%)
2026-08-14,10142,,,18:41:03,19:00:21,,670,,,19.3,2082.901554404145,Media,33,August,5.936111111111111,112.86850725315864,Friday,Media (25-75%)
2026-09-02,10045,,,19:35:17,19:50:53,,281,,,15.6,1080.7692307692307,Media,36,September,5.936111111111111,47.33738886289191,Wednesday,Media (25-75%)
2026-09-16,10145,,,18:04:22,18:12:35,,250,,,8.216666666666667,1825.5578093306287,Media,38,September,5.936111111111111,42.11511464670098,Wednesday,Media (25-75%)
2026-09-06,10040,,,19:53:49,20:19:02,,656,,,25.216666666666665,1560.8724388631858,Media,36,September,5.936111111111111,110.51006083294338,Sunday,Media (25-75%)
2026-08-01,10042,,,20:22:16,20:30:58,,124,,,8.7,855.1724137931035,Media,31,August,5.936111111111111,20.889096864763687,Saturday,Media (25-75%)
2026-07-30,10059,,,20:45:21,21:04:44,,650,,,19.383333333333333,2012.0378331900256,Media,31,July,5.936111111111111,109.49929808142257,Thursday,Media (25-75%)
2026-08-03,10128,,,17:05:15,18:02:06,,5548,,,56.85,5855.408970976253,Fácil,32,August,5.936111111111111,934.6186242395884,Monday,Fácil (top 25%)
2026-09-20,10046,,,20:32:21,20:34:03,,480,,,1.7,16941.176470588238,Fácil,38,September,5.936111111111111,80.86102012166589,Sunday,Fácil (top 25%)
2026-09-08,10005,,,20:35:50,20:37:37,,70,,,1.7833333333333334,2355.140186915888,Fácil,37,September,5.936111111111111,11.792232101076277,Tuesday,Fácil (top 25%)
2026-08-01,10016,,,20:42:12,20:44:45,,2,,,2.55,47.05882352941177,Difícil,31,August,5.936111111111111,0.3369209171736079,Saturday,Difícil (bottom 25%)
2026-09-20,10028,,,21:55:03,21:59:18,,20,,,4.25,282.3529411764706,Difícil,38,September,5.936111111111111,3.369209171736079,Sunday,Difícil (bottom 25%)
2026-08-26,10147,,,22:00:37,22:20:59,,612,,,20.366666666666667,1802.9459901800328,Media,35,August,5.936111111111111,103.097800655124,Wednesday,Media (25-75%)
2026-08-15,10060,,,22:22:40,22:40:08,,986,,,17.466666666666665,3387.022900763359,Fácil,33,August,5.936111111111111,166.10201216658868,Saturday,Fácil (top 25%)
2026-08-23,10023,,,22:41:38,23:10:51,,1063,,,29.216666666666665,2183.000570450656,Media,34,August,5.936111111111111,179.0734674777726,Sunday,Media (25-75%)
2026-09-10,10065,,,23:14:37,23:41:21,,1293,,,26.73333333333333,2901.995012468828,Fácil,37,September,5.936111111111111,217.8193729527375,Thursday,Fácil (top 25%)
2026-08-31,10137,,,23:44:46,00:07:19,,995,,,22.55,2647.450110864745,Fácil,36,August,5.936111111111111,167.61815629386993,Monday,Fácil (top 25%)
2026-08-07,10061,,,00:09:11,00:30:54,,918,,,21.716666666666665,2536.30084420568,Fácil,32,August,5.936111111111111,154.646700982686,Friday,Fácil (top 25%)
2026-09-02,10171,,,00:39:52,00:59:17,,1166,,,19.416666666666668,3603.0901287553647,Fácil,36,September,5.936111111111111,196.4248947122134,Wednesday,Fácil (top 25%)
2026-08-26,10033,,,14:36:19,14:48:52,,930,,,12.55,4446.215139442231,Fácil,35,August,4.936388888888889,188.39682629002309,Wednesday,Fácil (top 25%)
2026-09-12,10038,,,14:51:26,15:05:45,,387,,,14.316666666666666,1621.8859138533178,Media,37,September,4.936388888888889,78.397389004558,Saturday,Media (25-75%)
2026-09-29,10164,,,15:07:48,15:20:08,,173,,,12.333333333333334,841.6216216216216,Difícil,40,September,4.936388888888889,35.04586123459569,Tuesday,Difícil (bottom 25%)
2026-08-27,10112,,,15:33:14,15:42:22,,111,,,9.133333333333333,729.1970802919709,Difícil,35,August,4.936388888888889,22.48607281526082,Thursday,Difícil (bottom 25%)
2026-08-20,10100,,,14:23:51,14:34:39,,254,,,10.8,1411.1111111111109,Media,34,August,4.936388888888889,51.45461707275899,Thursday,Media (25-75%)
2026-08-26,10059,,,11:05:00,12:00:29,,810,,,55.48333333333333,875.9387203364373,Media,35,August,4.936388888888889,164.08755838163302,Wednesday,Media (25-75%)
2026-09-04,10104,,,10:54:04,10:56:48,,80,,,2.7333333333333334,1756.0975609756097,Media,36,September,4.936388888888889,16.206178605593383,Friday,Media (25-75%)
2026-10-11,10167,,,15:53:13,16:23:14,,823,,,30.016666666666666,1645.0860632981678,Media,41,October,4.936388888888889,166.72106240504192,Sunday,Media (25-75%)
2026-10-08,10028,,,15:43:54,15:51:31,,40,,,7.616666666666666,315.0984682713348,Difícil,41,October,4.936388888888889,8.103089302796691,Thursday,Difícil (bottom 25%)
2026-09-21,10010,,,16:26:11,16:58:25,,976,,,32.233333333333334,1816.7528438469487,Media,39,September,4.936388888888889,197.71537898823928,Monday,Media (25-75%)
2026-09-02,10065,,,17:01:07,17:25:28,,942,,,24.35,2321.149897330595,Fácil,36,September,4.936388888888889,190.8277530808621,Wednesday,Fácil (top 25%)
2026-08-28,10121,,,17:28:29,18:03:42,,492,,,35.21666666666667,838.2394699479413,Difícil,35,August,4.936388888888889,99.6679984243993,Friday,Difícil (bottom 25%)
2026-09-26,10134,,,18:06:44,18:37:29,,1013,,,30.75,1976.5853658536587,Media,39,September,4.936388888888889,205.2107365933262,Saturday,Media (25-75%)
2026-08-30,10119,,,18:39:24,18:58:03,,1189,,,18.65,3825.2010723860594,Fácil,35,August,4.936388888888889,240.8643295256317,Sunday,Fácil (top 25%)
2026-10-06,10009,,,16:50:07,17:25:37,,2703,,,35.5,4568.450704225352,Fácil,41,October,6.899166666666667,391.7864476386037,Tuesday,Fácil (top 25%)
2026-10-12,10033,,,17:38:13,17:42:32,,41,,,4.316666666666666,569.88416988417,Difícil,42,October,6.899166666666667,5.942746708539678,Monday,Difícil (bottom 25%)
2026-09-13,10116,,,17:30:21,17:36:45,,89,,,6.4,834.375,Difícil,37,September,6.899166666666667,12.900108708781254,Sunday,Difícil (bottom 25%)
2026-09-15,10013,,,17:44:00,17:58:25,,325,,,14.416666666666666,1352.6011560693644,Media,38,September,6.899166666666667,47.10713854330233,Tuesday,Media (25-75%)
2026-09-14,10038,,,17:59:54,18:20:37,,469,,,20.716666666666665,1358.3266291230896,Media,38,September,6.899166666666667,67.97922454402705,Monday,Media (25-75%)
2026-10-19,10085,,,18:22:51,18:36:10,,263,,,13.316666666666666,1184.9812265331664,Media,43,October,6.899166666666667,38.120545959656965,Monday,Media (25-75%)
2026-10-19,10164,,,18:37:51,18:50:07,,182,,,12.266666666666667,890.2173913043478,Media,43,October,6.899166666666667,26.379997584249303,Monday,Media (25-75%)
2026-10-19,10087,,,18:51:52,19:07:17,,339,,,15.416666666666666,1319.3513513513517,Media,43,October,6.899166666666667,49.13636912670612,Monday,Media (25-75%)
2026-10-04,10089,,,19:08:39,19:20:37,,202,,,11.966666666666669,1012.8133704735376,Media,40,October,6.899166666666667,29.27889841768329,Sunday,Media (25-75%)
2026-09-30,10112,,,19:22:00,19:29:51,,69,,,7.85,527.3885350318471,Difícil,40,September,6.899166666666667,10.001207875347264,Wednesday,Difícil (bottom 25%)
2026-09-18,10021,,,19:31:24,19:37:12,,106,,,5.8,1096.5517241379312,Media,38,September,6.899166666666667,15.364174417200145,Friday,Media (25-75%)
2026-09-04,10011,,,19:48:09,20:02:11,,270,,,14.033333333333331,1154.3942992874108,Media,36,September,6.899166666666667,39.13516125135886,Friday,Media (25-75%)
2026-10-04,10067,,,19:38:27,19:46:44,,256,,,8.283333333333333,1854.3259557344063,Media,40,October,6.899166666666667,37.10593066795506,Sunday,Media (25-75%)
2026-08-21,10003,,,20:03:42,20:07:19,,40,,,3.6166666666666663,663.594470046083,Difícil,34,August,6.899166666666667,5.797801666867979,Friday,Difícil (bottom 25%)
2026-09-14,10086,,,20:08:22,20:12:01,,30,,,3.65,493.1506849315069,Difícil,38,September,6.899166666666667,4.348351250150984,Monday,Difícil (bottom 25%)
2026-08-27,10127,,,20:13:43,20:19:05,,61,,,5.366666666666666,681.9875776397516,Difícil,35,August,6.899166666666667,8.841647541973668,Thursday,Difícil (bottom 25%)
2026-08-29,10132,,,20:20:45,20:30:01,,118,,,9.266666666666667,764.0287769784171,Difícil,35,August,6.899166666666667,17.103514917260537,Saturday,Difícil (bottom 25%)
2026-09-13,10091,,,20:30:55,20:40:53,,227,,,9.966666666666669,1366.555183946488,Media,37,September,6.899166666666667,32.90252445947578,Sunday,Media (25-75%)
2026-08-21,10141,,,20:42:16,20:48:50,,63,,,6.566666666666666,575.6345177664974,Difícil,34,August,6.899166666666667,9.131537625317067,Friday,Difícil (bottom 25%)
2026-10-03,10048,,,21:23:53,21:25:39,,3,,,1.7666666666666666,101.8867924528302,Difícil,40,October,6.899166666666667,0.4348351250150984,Saturday,Difícil (bottom 25%)
2026-08-28,10104,,,21:26:31,21:29:45,,60,,,3.2333333333333334,1113.40206185567,Media,35,August,6.899166666666667,8.696702500301969,Friday,Media (25-75%)
2026-09-13,10044,,,21:31:26,21:35:12,,30,,,3.7666666666666666,477.87610619469024,Difícil,37,September,6.899166666666667,4.348351250150984,Sunday,Difícil (bottom 25%)
2026-08-31,10023,,,21:36:08,22:01:10,,947,,,25.03333333333333,2269.773635153129,Media,36,August,6.899166666666667,137.2629544630994,Monday,Media (25-75%)
2026-10-10,10051,,,22:02:40,22:27:31,,1083,,,24.85,2614.8893360160964,Fácil,41,October,6.899166666666667,156.9754801304505,Saturday,Fácil (top 25%)
2026-09-06,10140,,,23:43:34,00:01:18,,428,,,17.733333333333334,1448.1203007518795,Media,36,September,6.899166666666667,62.036477835487375,Sunday,Media (25-75%)
2026-08-28,10137,,,00:04:28,00:26:21,,1340,,,21.883333333333333,3674.028941355674,Fácil,35,August,6.899166666666667,194.2263558400773,Friday,Fácil (top 25%)
2026-09-24,10110,,,22:32:18,22:51:30,,1234,,,19.2,3856.25,Fácil,39,September,6.899166666666667,178.86218142287714,Thursday,Fácil (top 25%)
2026-09-24,10061,,,22:54:54,23:22:23,,572,,,27.48333333333333,1248.7568223165556,Media,39,September,6.899166666666667,82.9085638362121,Thursday,Media (25-75%)
2026-09-22,10119,,,23:23:36,23:42:07,,909,,,18.516666666666666,2945.454545454545,Fácil,39,September,6.899166666666667,131.75504287957483,Tuesday,Fácil (top 25%)
2026-10-18,10079,,,00:30:08,00:48:44,,1518,,,18.6,4896.774193548387,Fácil,42,October,6.899166666666667,220.0265732576398,Sunday,Fácil (top 25%)
2026-08-25,10062,,,00:53:08,01:16:06,,1096,,,22.966666666666665,2863.280116110305,Fácil,35,August,6.899166666666667,158.85976567218262,Tuesday,Fácil (top 25%)
2026-10-02,10088,,,16:48:18,16:49:26,,8,,,1.1333333333333333,423.52941176470586,Difícil,40,October,6.605277777777777,1.2111526977585263,Friday,Difícil (bottom 25%)
2026-09-29,10081,,,16:51:17,17:19:39,,1103,,,28.366666666666667,2333.019976498237,Fácil,40,September,6.605277777777777,166.98767820345685,Tuesday,Fácil (top 25%)
2026-10-18,10018,,,17:26:33,17:54:20,,792,,,27.78333333333333,1710.3779244151167,Media,42,October,6.605277777777777,119.90411707809412,Sunday,Media (25-75%)
2026-10-01,10090,,,17:59:38,18:17:30,,160,,,17.866666666666667,537.3134328358209,Difícil,40,October,6.605277777777777,24.22305395517053,Thursday,Difícil (bottom 25%)
2026-09-18,10012,,,18:19:39,18:34:08,,192,,,14.483333333333333,795.3970080552359,Difícil,38,September,6.605277777777777,29.067664746204635,Friday,Difícil (bottom 25%)
2026-08-28,10144,,,18:36:09,18:47:47,,133,,,11.633333333333333,685.9598853868195,Difícil,35,August,6.605277777777777,20.135413600235506,Friday,Difícil (bottom 25%)
2026-08-30,10154,,,18:49:25,19:16:54,,164,,,27.48333333333333,358.0351728320194,Difícil,35,August,6.605277777777777,24.828630304049792,Sunday,Difícil (bottom 25%)
2026-08-29,10056,,,19:17:56,19:27:35,,144,,,9.65,895.3367875647668,Media,35,August,6.605277777777777,21.80074855965348,Saturday,Media (25-75%)
2026-09-02,10152,,,19:28:29,19:42:51,,193,,,14.366666666666667,806.0324825986079,Difícil,36,September,6.605277777777777,29.21905883342445,Wednesday,Difícil (bottom 25%)
2026-09-24,10148,,,20:22:24,20:45:43,,735,,,23.316666666666663,1891.350964974982,Media,39,September,6.605277777777777,111.27465410656464,Thursday,Media (25-75%)
2026-09-23,10050,,,20:49:39,21:07:57,,820,,,18.3,2688.5245901639346,Fácil,39,September,6.605277777777777,124.14315152024896,Wednesday,Fácil (top 25%)
2026-10-08,10025,,,21:09:20,21:35:22,,1134,,,26.03333333333333,2613.572343149808,Fácil,41,October,6.605277777777777,171.68089490727112,Thursday,Fácil (top 25%)
2026-10-15,10060,,,21:37:50,22:02:05,,834,,,24.25,2063.505154639175,Media,42,October,6.605277777777777,126.2626687413264,Thursday,Media (25-75%)
2026-09-13,10159,,,22:03:10,22:08:30,,220,,,5.333333333333333,2475.0000000000005,Fácil,37,September,6.605277777777777,33.30669918835948,Sunday,Fácil (top 25%)
2026-09-14,10065,,,22:47:39,23:15:54,,1022,,,28.25,2170.619469026549,Media,38,September,6.605277777777777,154.72475713865177,Monday,Media (25-75%)
2026-09-27,10051,,,22:09:52,22:42:29,,1055,,,32.61666666666667,1940.7256004087888,Media,39,September,6.605277777777777,159.7207620169057,Sunday,Media (25-75%)
2026-09-25,10140,,,23:18:24,23:31:51,,440,,,13.45,1962.8252788104087,Media,39,September,6.605277777777777,66.61339837671896,Friday,Media (25-75%)
2026-10-04,10129,,,23:35:23,23:58:01,,1069,,,22.633333333333333,2833.873343151693,Fácil,40,October,6.605277777777777,161.8402792379831,Sunday,Fácil (top 25%)
2026-09-30,10150,,,23:59:49,00:21:58,,1348,,,22.15,3651.467268623025,Fácil,40,September,6.605277777777777,204.0792295723117,Wednesday,Fácil (top 25%)
2026-09-12,10020,,,00:25:15,00:52:28,,977,,,27.216666666666665,2153.8273116962646,Media,37,September,6.605277777777777,147.91202321376005,Saturday,Media (25-75%)
2026-09-19,10081,,,16:55:14,17:46:18,,2169,,,51.06666666666667,2548.4334203655358,Fácil,38,September,6.698888888888889,323.7850389782717,Saturday,Fácil (top 25%)
2026-09-27,10018,,,17:50:57,18:13:03,,757,,,22.1,2055.2036199095023,Media,39,September,6.698888888888889,113.00381489467571,Sunday,Media (25-75%)
2026-08-24,10090,,,18:15:42,18:34:30,,409,,,18.8,1305.3191489361702,Media,35,August,6.698888888888889,61.05490131033339,Monday,Media (25-75%)
2026-09-27,10117,,,18:36:57,19:05:20,,919,,,28.383333333333333,1942.6893716970053,Media,39,September,6.698888888888889,137.18692983911097,Sunday,Media (25-75%)
2026-09-29,10101,,,19:15:31,19:34:20,,335,,,18.816666666666663,1068.2019486271035,Media,40,September,6.698888888888889,50.00829324929507,Tuesday,Media (25-75%)
2026-10-09,10154,,,19:35:53,20:04:25,,641,,,28.53333333333333,1347.8971962616822,Media,41,October,6.698888888888889,95.68751036656164,Friday,Media (25-75%)
2026-09-06,10130,,,20:05:52,20:35:35,,576,,,29.716666666666665,1162.983735277622,Media,36,September,6.698888888888889,85.98440869132526,Sunday,Media (25-75%)
2026-08-26,10059,,,20:42:48,21:02:29,,624,,,19.683333333333334,1902.116850127011,Media,35,August,6.698888888888889,93.14977608226904,Wednesday,Media (25-75%)
2026-08-24,10148,,,22:59:18,23:30:17,,1021,,,30.98333333333333,1977.1920387305,Media,35,August,6.698888888888889,152.41333554486647,Monday,Media (25-75%)
2026-08-28,10167,,,21:32:14,21:57:52,,900,,,25.633333333333333,2106.631989596879,Media,35,August,6.698888888888889,134.35063858019572,Friday,Media (25-75%)
2026-09-18,10050,,,22:26:25,22:48:42,,827,,,22.28333333333333,2226.77636499626,Media,38,September,6.698888888888889,123.45330900646871,Friday,Media (25-75%)
2026-10-17,10043,,,22:50:37,22:58:15,,142,,,7.633333333333334,1116.1572052401746,Media,42,October,6.698888888888889,21.19754519820866,Saturday,Media (25-75%)
2026-09-06,10001,,,23:32:42,23:56:42,,852,,,24.0,2130.0,Media,36,September,6.698888888888889,127.18527118925196,Sunday,Media (25-75%)
2026-10-01,10121,,,23:58:30,00:40:10,,1241,,,41.66666666666666,1787.04,Media,40,October,6.698888888888889,185.2546027533588,Thursday,Media (25-75%)
2026-09-19,10061,,,00:43:52,01:02:29,,863,,,18.616666666666667,2781.3786929274843,Fácil,38,September,6.698888888888889,128.82733454967655,Saturday,Fácil (top 25%)
2026-09-01,10062,,,01:03:31,01:17:32,,521,,,14.016666666666667,2230.202140309156,Media,36,September,6.698888888888889,77.77409188920218,Tuesday,Media (25-75%)
2026-09-08,10009,,,17:07:00,17:42:45,,2731,,,35.75,4583.496503496504,Fácil,37,September,5.473333333333334,498.9646772228989,Tuesday,Fácil (top 25%)
2026-09-08,10071,,,17:47:56,18:02:53,,292,,,14.95,1171.9063545150502,Media,37,September,5.473333333333334,53.34957369062119,Tuesday,Media (25-75%)
2026-09-19,10082,,,18:04:37,18:20:21,,213,,,15.733333333333333,812.2881355932204,Difícil,38,September,5.473333333333334,38.91595615103533,Saturday,Difícil (bottom 25%)
2026-10-05,10087,,,18:22:51,18:48:54,,536,,,26.05,1234.5489443378117,Media,41,October,5.473333333333334,97.9293544457978,Monday,Media (25-75%)
2026-10-23,10112,,,18:48:32,19:04:02,,127,,,15.5,491.6129032258064,Difícil,43,October,5.473333333333334,23.20341047503045,Friday,Difícil (bottom 25%)
2026-09-06,10122,,,19:05:17,19:37:00,,844,,,31.716666666666665,1596.6368891224386,Media,36,September,5.473333333333334,154.20219244823386,Sunday,Media (25-75%)
2026-10-14,10054,,,19:43:04,19:51:15,,95,,,8.183333333333334,696.5376782077393,Difícil,42,October,5.473333333333334,17.35688185140073,Wednesday,Difícil (bottom 25%)
2026-09-25,10091,,,19:53:16,20:03:34,,250,,,10.3,1456.3106796116504,Media,39,September,5.473333333333334,45.67600487210719,Friday,Media (25-75%)
2026-10-02,10100,,,20:05:02,20:14:22,,205,,,9.333333333333334,1317.857142857143,Media,40,October,5.473333333333334,37.45432399512789,Friday,Media (25-75%)
2026-10-12,10158,,,16:59:17,17:03:04,,180,,,3.783333333333333,2854.6255506607927,Fácil,42,October,5.473333333333334,32.886723507917175,Monday,Fácil (top 25%)
2026-10-15,10146,,,20:16:52,20:25:07,,35,,,8.25,254.54545454545453,Difícil,42,October,5.473333333333334,6.394640682095006,Thursday,Difícil (bottom 25%)
2026-09-25,10143,,,20:26:25,20:36:40,,101,,,10.25,591.219512195122,Difícil,39,September,5.473333333333334,18.453105968331304,Friday,Difícil (bottom 25%)
2026-08-28,10165,,,20:38:44,20:41:19,,42,,,2.583333333333333,975.483870967742,Media,35,August,5.473333333333334,7.673568818514007,Friday,Media (25-75%)
2026-09-23,10103,,,20:42:26,20:49:19,,82,,,6.883333333333334,714.7699757869249,Difícil,39,September,5.473333333333334,14.981729598051157,Wednesday,Difícil (bottom 25%)
2026-09-30,10014,,,20:52:30,20:57:48,,114,,,5.3,1290.566037735849,Media,40,September,5.473333333333334,20.82825822168088,Wednesday,Media (25-75%)
2026-09-16,10007,,,20:59:45,21:04:23,,160,,,4.633333333333334,2071.942446043165,Media,38,September,5.473333333333334,29.2326431181486,Wednesday,Media (25-75%)
2026-10-02,10006,,,21:05:31,21:09:47,,110,,,4.266666666666667,1546.875,Media,40,October,5.473333333333334,20.09744214372716,Friday,Media (25-75%)
2026-10-08,10044,,,21:13:15,21:17:49,,40,,,4.566666666666666,525.5474452554745,Difícil,41,October,5.473333333333334,7.308160779537149,Thursday,Difícil (bottom 25%)
2026-09-08,10148,,,22:07:32,22:37:13,,900,,,29.683333333333334,1819.202695115104,Media,37,September,5.473333333333334,164.43361753958587,Tuesday,Media (25-75%)
2026-10-06,10050,,,22:39:43,22:57:54,,610,,,18.183333333333334,2012.8322639780015,Media,41,October,5.473333333333334,111.44945188794154,Tuesday,Media (25-75%)
2026-09-22,10080,,,22:59:37,23:23:48,,939,,,24.183333333333334,2329.7036526533425,Fácil,39,September,5.473333333333334,171.55907429963457,Tuesday,Fácil (top 25%)
2026-09-29,10065,,,23:25:20,23:55:37,,788,,,30.28333333333333,1561.254815630159,Media,40,September,5.473333333333334,143.97076735688185,Tuesday,Media (25-75%)
2026-09-06,10140,,,23:59:11,00:13:53,,644,,,14.7,2628.5714285714284,Fácil,36,September,5.473333333333334,117.66138855054812,Sunday,Fácil (top 25%)
2026-09-25,10129,,,00:16:57,00:35:44,,740,,,18.78333333333333,2363.7976929902397,Fácil,39,September,5.473333333333334,135.20097442143725,Friday,Fácil (top 25%)
2026-08-31,10150,,,00:37:39,00:58:12,,774,,,20.55,2259.85401459854,Media,36,August,5.473333333333334,141.41291108404386,Monday,Media (25-75%)
2026-10-22,10020,,,00:59:47,01:21:18,,672,,,21.516666666666666,1873.8962044926411,Media,43,October,5.473333333333334,122.77710109622411,Thursday,Media (25-75%)
2026-10-15,10009,,,15:51:34,16:28:33,,1981,,,36.98333333333333,3213.8801261829653,Fácil,42,October,5.473333333333334,361.9366626065773,Thursday,Fácil (top 25%)
2026-09-16,10013,,,16:30:57,16:41:38,,143,,,10.683333333333334,803.1201248049922,Difícil,38,September,5.473333333333334,26.12667478684531,Wednesday,Difícil (bottom 25%)
2026-09-22,10038,,,16:44:37,16:59:00,,422,,,14.383333333333333,1760.3707995365005,Media,39,September,5.473333333333334,77.10109622411693,Tuesday,Media (25-75%)
2026-08-27,10082,,,17:00:45,17:11:50,,105,,,11.083333333333334,568.421052631579,Difícil,35,August,5.473333333333334,19.183922046285016,Thursday,Difícil (bottom 25%)
2026-10-06,10164,,,17:13:24,17:27:55,,137,,,14.516666666666667,566.2456946039035,Difícil,41,October,5.473333333333334,25.03045066991473,Tuesday,Difícil (bottom 25%)
2026-10-09,10024,,,17:30:23,17:40:26,,108,,,10.05,644.776119402985,Difícil,41,October,5.473333333333334,19.732034104750305,Friday,Difícil (bottom 25%)
2026-10-21,10026,,,17:41:52,17:49:41,,58,,,7.816666666666666,445.2025586353945,Difícil,43,October,5.473333333333334,10.596833130328866,Wednesday,Difícil (bottom 25%)
2026-10-17,10115,,,17:50:44,18:10:56,,399,,,20.2,1185.148514851485,Media,42,October,5.473333333333334,72.89890377588307,Saturday,Media (25-75%)
2026-08-31,10003,,,18:13:00,18:21:24,,95,,,8.4,678.5714285714286,Difícil,36,August,5.473333333333334,17.35688185140073,Monday,Difícil (bottom 25%)
2026-09-22,10091,,,18:22:33,18:33:55,,117,,,11.366666666666667,617.5953079178886,Difícil,39,September,5.473333333333334,21.37637028014616,Tuesday,Difícil (bottom 25%)
2026-09-22,10100,,,18:35:27,18:57:02,,431,,,21.58333333333333,1198.146718146718,Media,39,September,5.473333333333334,78.74543239951278,Tuesday,Media (25-75%)
2026-10-08,10148,,,20:03:28,20:28:41,,796,,,25.216666666666665,1893.9854593522805,Media,41,October,5.473333333333334,145.43239951278926,Thursday,Media (25-75%)
2026-10-08,10029,,,20:30:54,20:49:15,,908,,,18.35,2968.937329700272,Fácil,41,October,5.473333333333334,165.8952496954933,Thursday,Fácil (top 25%)
2026-09-14,10175,,,20:50:15,21:10:29,,383,,,20.23333333333333,1135.7495881383854,Media,38,September,5.473333333333334,69.97563946406821,Monday,Media (25-75%)
2026-09-24,10051,,,21:14:12,21:36:21,,917,,,22.15,2483.972911963883,Fácil,39,September,5.473333333333334,167.53958587088914,Thursday,Fácil (top 25%)
2026-09-05,10140,,,21:38:50,21:52:37,,295,,,13.783333333333331,1284.1596130592504,Media,36,September,5.473333333333334,53.89768574908648,Saturday,Media (25-75%)
2026-10-22,10129,,,21:56:27,22:15:53,,772,,,19.433333333333334,2383.533447684391,Fácil,43,October,5.473333333333334,141.04750304506695,Thursday,Fácil (top 25%)
2026-10-19,10061,,,22:17:19,22:40:42,,912,,,23.383333333333333,2340.1282965074843,Fácil,43,October,5.473333333333334,166.626065773447,Monday,Fácil (top 25%)
2026-09-22,10062,,,22:42:17,23:00:43,,532,,,18.433333333333334,1731.6455696202531,Media,39,September,5.473333333333334,97.1985383678441,Tuesday,Media (25-75%)
2026-09-22,10081,,,17:00:20,17:21:19,,836,,,20.98333333333333,2390.4686258935662,Fácil,39,September,7.6875,108.7479674796748,Tuesday,Fácil (top 25%)
2026-10-06,10128,,,17:26:59,17:42:23,,1003,,,15.4,3907.792207792208,Fácil,41,October,7.6875,130.47154471544715,Tuesday,Fácil (top 25%)
2026-09-30,10070,,,17:45:06,18:29:48,,3485,,,44.7,4677.852348993289,Fácil,40,September,7.6875,453.3333333333333,Wednesday,Fácil (top 25%)
2026-08-29,10052,,,18:36:53,18:54:39,,455,,,17.766666666666666,1536.5853658536587,Media,35,August,7.6875,59.1869918699187,Saturday,Media (25-75%)
2026-10-24,10090,,,18:59:01,19:08:34,,109,,,9.55,684.8167539267015,Difícil,43,October,7.6875,14.178861788617889,Saturday,Difícil (bottom 25%)
2026-09-24,10117,,,19:10:32,19:32:37,,503,,,22.08333333333333,1366.6415094339625,Media,39,September,7.6875,65.4308943089431,Thursday,Media (25-75%)
2026-10-24,10008,,,19:34:36,19:48:20,,264,,,13.733333333333333,1153.3980582524273,Media,43,October,7.6875,34.34146341463415,Saturday,Media (25-75%)
2026-10-19,10101,,,19:50:03,19:57:24,,53,,,7.35,432.6530612244898,Difícil,43,October,7.6875,6.894308943089431,Monday,Difícil (bottom 25%)
2026-09-10,10030,,,19:58:56,20:13:16,,184,,,14.333333333333334,770.2325581395348,Difícil,37,September,7.6875,23.93495934959349,Thursday,Difícil (bottom 25%)
2026-10-08,10108,,,19:56:39,20:33:37,,327,,,36.96666666666667,530.7484220018034,Difícil,41,October,7.6875,42.53658536585366,Thursday,Difícil (bottom 25%)
2026-08-31,10125,,,20:35:45,20:40:53,,98,,,5.133333333333334,1145.4545454545453,Media,36,August,7.6875,12.747967479674797,Monday,Media (25-75%)
2026-10-06,10130,,,20:41:47,20:53:41,,206,,,11.9,1038.6554621848738,Media,41,October,7.6875,26.796747967479675,Tuesday,Media (25-75%)
2026-09-03,10027,,,20:55:27,21:08:44,,183,,,13.283333333333331,826.5997490589712,Difícil,36,September,7.6875,23.804878048780488,Thursday,Difícil (bottom 25%)
2026-09-05,10107,,,21:10:13,21:18:31,,82,,,8.3,592.7710843373494,Difícil,36,September,7.6875,10.666666666666666,Saturday,Difícil (bottom 25%)
2026-09-24,10148,,,21:54:15,22:21:33,,619,,,27.3,1360.4395604395604,Media,39,September,7.6875,80.52032520325203,Thursday,Media (25-75%)
2026-09-06,10050,,,22:22:59,22:43:59,,837,,,21.0,2391.428571428572,Fácil,36,September,7.6875,108.8780487804878,Sunday,Fácil (top 25%)
2026-10-04,10060,,,22:44:59,23:13:37,,1071,,,28.633333333333333,2244.2374854481955,Media,40,October,7.6875,139.3170731707317,Sunday,Media (25-75%)
2026-09-30,10159,,,23:14:49,23:21:14,,134,,,6.416666666666667,1252.9870129870128,Media,40,September,7.6875,17.43089430894309,Wednesday,Media (25-75%)
2026-10-18,10023,,,23:21:40,23:52:41,,831,,,31.016666666666666,1607.5228371843095,Media,42,October,7.6875,108.09756097560977,Sunday,Media (25-75%)
2026-10-09,10133,,,23:55:57,00:32:54,,916,,,36.95,1487.4154262516915,Media,41,October,7.6875,119.15447154471543,Friday,Media (25-75%)
2026-10-11,10129,,,00:35:16,00:55:22,,698,,,20.1,2083.582089552239,Media,41,October,7.6875,90.79674796747967,Sunday,Media (25-75%)
2026-09-21,10061,,,01:01:23,01:26:11,,768,,,24.8,1858.064516129032,Media,39,September,7.6875,99.90243902439023,Monday,Media (25-75%)
2026-09-12,10062,,,01:27:54,01:51:27,,711,,,23.55,1811.4649681528665,Media,37,September,7.6875,92.48780487804878,Saturday,Media (25-75%)
2026-10-27,10162,,,17:01:46,17:11:59,,108,,,10.216666666666669,634.257748776509,Difícil,44,October,3.9611111111111112,27.26507713884993,Tuesday,Difícil (bottom 25%)
2026-10-22,10015,,,17:13:17,17:21:07,,110,,,7.833333333333333,842.5531914893617,Difícil,43,October,3.9611111111111112,27.76998597475456,Thursday,Difícil (bottom 25%)
2026-09-30,10035,,,17:22:02,17:30:11,,102,,,8.15,750.920245398773,Difícil,40,September,3.9611111111111112,25.750350631136044,Wednesday,Difícil (bottom 25%)
2026-09-30,10168,,,17:31:27,17:38:51,,81,,,7.4,656.7567567567568,Difícil,40,September,3.9611111111111112,20.44880785413745,Wednesday,Difícil (bottom 25%)
2026-09-22,10022,,,17:39:48,17:55:20,,203,,,15.533333333333331,784.1201716738198,Difícil,39,September,3.9611111111111112,51.24824684431977,Tuesday,Difícil (bottom 25%)
2026-10-09,10058,,,18:13:09,18:24:39,,154,,,11.5,803.4782608695651,Difícil,41,October,3.9611111111111112,38.87798036465638,Friday,Difícil (bottom 25%)
2026-10-20,10075,,,18:25:59,18:42:24,,257,,,16.416666666666668,939.2893401015228,Media,43,October,3.9611111111111112,64.88078541374473,Tuesday,Media (25-75%)
2026-10-17,10122,,,18:43:50,19:01:03,,335,,,17.216666666666665,1167.473378509197,Media,42,October,3.9611111111111112,84.57223001402524,Saturday,Media (25-75%)
2026-10-17,10074,,,19:02:53,19:10:14,,93,,,7.35,759.1836734693877,Difícil,42,October,3.9611111111111112,23.47826086956521,Saturday,Difícil (bottom 25%)
2026-10-26,10064,,,19:11:12,19:18:48,,107,,,7.6,844.7368421052632,Difícil,44,October,3.9611111111111112,27.01262272089761,Monday,Difícil (bottom 25%)
2026-10-20,10136,,,19:19:34,19:32:33,,252,,,12.983333333333333,1164.5699614890889,Media,43,October,3.9611111111111112,63.618513323983166,Tuesday,Media (25-75%)
2026-09-10,10059,,,19:33:47,19:55:22,,682,,,21.58333333333333,1895.907335907336,Media,37,September,3.9611111111111112,172.17391304347825,Thursday,Media (25-75%)
2026-10-07,10167,,,20:33:38,20:45:48,,759,,,12.166666666666666,3743.013698630137,Fácil,41,October,3.9611111111111112,191.61290322580643,Wednesday,Fácil (top 25%)
2026-08-31,10147,,,21:03:39,21:10:51,,632,,,7.2,5266.666666666666,Fácil,36,August,3.9611111111111112,159.55119214586256,Monday,Fácil (top 25%)
2026-09-01,10029,,,21:27:55,21:30:13,,676,,,2.3,17634.782608695652,Fácil,36,September,3.9611111111111112,170.65918653576438,Tuesday,Fácil (top 25%)
2026-10-17,10043,,,21:44:07,21:46:03,,233,,,1.9333333333333331,7231.0344827586205,Fácil,42,October,3.9611111111111112,58.8218793828892,Saturday,Fácil (top 25%)
2026-10-05,10051,,,21:59:57,22:27:13,,1035,,,27.266666666666666,2277.506112469437,Media,41,October,3.9611111111111112,261.2903225806451,Monday,Media (25-75%)
2026-10-17,10129,,,22:30:52,22:56:34,,1003,,,25.7,2341.6342412451363,Fácil,42,October,3.9611111111111112,253.2117812061711,Saturday,Fácil (top 25%)
2026-10-24,10119,,,22:58:33,23:19:44,,923,,,21.183333333333334,2614.3194335169155,Fácil,43,October,3.9611111111111112,233.015427769986,Saturday,Fácil (top 25%)
2026-09-16,10069,,,18:27:26,18:45:06,,245,,,17.666666666666668,832.0754716981132,Difícil,38,September,5.000277777777778,48.99727792900394,Wednesday,Difícil (bottom 25%)
2026-10-28,10052,,,18:46:27,19:03:41,,506,,,17.233333333333334,1761.7021276595744,Media,44,October,5.000277777777778,101.1943780901061,Wednesday,Media (25-75%)
2026-10-18,10117,,,19:07:02,19:31:06,,610,,,24.066666666666663,1520.7756232686982,Media,42,October,5.000277777777778,121.99322259874452,Sunday,Media (25-75%)
2026-09-01,10101,,,19:33:32,19:42:53,,92,,,9.35,590.3743315508021,Difícil,36,September,5.000277777777778,18.398977834564747,Tuesday,Difícil (bottom 25%)
2026-09-01,10114,,,19:44:34,19:48:07,,201,,,3.55,3397.1830985915494,Fácil,36,September,5.000277777777778,40.19776679073384,Tuesday,Fácil (top 25%)
2026-09-27,10169,,,19:51:04,19:58:18,,113,,,7.233333333333333,937.327188940092,Media,39,September,5.000277777777778,22.59874451419365,Sunday,Media (25-75%)
2026-10-23,10131,,,19:59:09,20:05:44,,110,,,6.583333333333333,1002.5316455696204,Media,43,October,5.000277777777778,21.99877784567524,Friday,Media (25-75%)
2026-09-22,10076,,,20:06:48,20:14:58,,98,,,8.166666666666666,720.0000000000001,Difícil,39,September,5.000277777777778,19.59891117160158,Tuesday,Difícil (bottom 25%)
2026-10-06,10046,,,20:16:09,20:17:35,,208,,,1.4333333333333331,8706.976744186046,Fácil,41,October,5.000277777777778,41.59768901727682,Tuesday,Fácil (top 25%)
2026-10-01,10034,,,20:18:31,20:21:23,,48,,,2.8666666666666667,1004.6511627906976,Media,40,October,5.000277777777778,9.59946669629465,Thursday,Media (25-75%)
2026-10-02,10094,,,20:22:26,20:27:24,,22,,,4.966666666666667,265.7718120805369,Difícil,40,October,5.000277777777778,4.399755569135048,Friday,Difícil (bottom 25%)
2026-08-31,10118,,,20:28:26,20:30:43,,180,,,2.283333333333333,4729.92700729927,Fácil,36,August,5.000277777777778,35.998000111104936,Monday,Fácil (top 25%)
2026-09-18,10044,,,20:31:59,20:35:51,,50,,,3.8666666666666663,775.8620689655172,Difícil,38,September,5.000277777777778,9.999444475306928,Friday,Difícil (bottom 25%)
2026-09-01,10147,,,20:43:03,21:12:20,,1179,,,29.28333333333333,2415.70859419465,Fácil,36,September,5.000277777777778,235.78690072773733,Tuesday,Fácil (top 25%)
2026-10-22,10025,,,21:15:43,21:35:20,,755,,,19.616666666666667,2309.260832625319,Fácil,43,October,5.000277777777778,150.9916115771346,Thursday,Fácil (top 25%)
2026-10-13,10029,,,21:37:02,21:54:35,,822,,,17.55,2810.2564102564097,Fácil,42,October,5.000277777777778,164.3908671740459,Tuesday,Fácil (top 25%)
2026-09-25,10043,,,21:56:21,22:17:23,,562,,,21.03333333333333,1603.1695721077654,Media,39,September,5.000277777777778,112.39375590244988,Friday,Media (25-75%)
2026-10-01,10065,,,22:20:06,22:47:45,,1335,,,27.65,2896.9258589511755,Fácil,40,October,5.000277777777778,266.98516749069495,Thursday,Fácil (top 25%)
2026-09-05,10072,,,22:51:58,23:28:03,,1277,,,36.083333333333336,2123.4180138568126,Media,36,September,5.000277777777778,255.38581189933893,Saturday,Media (25-75%)
2026-10-01,10061,,,23:31:16,23:52:19,,797,,,21.05,2271.733966745843,Media,40,October,5.000277777777778,159.3911449363924,Thursday,Media (25-75%)
2026-10-24,10171,,,23:53:53,00:12:22,,880,,,18.48333333333333,2856.6275924256083,Fácil,43,October,5.000277777777778,175.9902227654019,Saturday,Fácil (top 25%)
2026-09-04,10085,,,14:06:19,14:26:07,,489,,,19.8,1481.8181818181818,Media,36,September,3.6375,134.43298969072166,Friday,Media (25-75%)
2026-10-25,10164,,,14:30:01,14:43:35,,294,,,13.566666666666666,1300.2457002457004,Media,43,October,3.6375,80.82474226804123,Sunday,Media (25-75%)
2026-09-11,10112,,,14:47:34,14:57:04,,107,,,9.5,675.7894736842105,Difícil,37,September,3.6375,29.415807560137456,Friday,Difícil (bottom 25%)
2026-10-26,10115,,,14:58:13,15:09:43,,272,,,11.5,1419.1304347826083,Media,44,October,3.6375,74.77663230240549,Monday,Media (25-75%)
2026-10-29,10077,,,15:10:55,15:22:54,,237,,,11.983333333333333,1186.6481223922117,Media,44,October,3.6375,65.15463917525773,Thursday,Media (25-75%)
2026-09-17,10097,,,15:25:17,15:28:47,,132,,,3.5,2262.8571428571427,Media,38,September,3.6375,36.28865979381443,Thursday,Media (25-75%)
2026-10-08,10157,,,15:29:54,15:40:05,,490,,,10.183333333333334,2887.070376432079,Fácil,41,October,3.6375,134.70790378006873,Thursday,Fácil (top 25%)
2026-09-24,10102,,,15:47:40,15:50:32,,100,,,2.8666666666666667,2093.0232558139533,Media,39,September,3.6375,27.491408934707906,Thursday,Media (25-75%)
2026-09-05,10092,,,15:51:35,15:56:15,,51,,,4.666666666666667,655.7142857142857,Difícil,36,September,3.6375,14.02061855670103,Saturday,Difícil (bottom 25%)
2026-10-22,10019,,,15:57:22,16:01:19,,24,,,3.95,364.5569620253164,Difícil,43,October,3.6375,6.597938144329897,Thursday,Difícil (bottom 25%)
2026-10-04,10051,,,17:45:31,18:18:14,,963,,,32.71666666666667,1766.0723382577685,Media,40,October,3.6375,264.7422680412371,Sunday,Media (25-75%)
2026-09-06,10061,,,18:48:02,19:05:40,,930,,,17.633333333333333,3164.461247637051,Fácil,36,September,3.6375,255.6701030927835,Sunday,Fácil (top 25%)
2026-09-22,10156,,,19:07:11,19:27:43,,929,,,20.53333333333333,2714.610389610389,Fácil,39,September,3.6375,255.3951890034364,Tuesday,Fácil (top 25%)
2026-09-11,10029,,,19:29:09,19:46:58,,810,,,17.816666666666666,2727.78297474275,Fácil,37,September,3.6375,222.680412371134,Friday,Fácil (top 25%)
2026-10-18,10171,,,19:48:47,20:09:29,,1161,,,20.7,3365.217391304348,Fácil,42,October,3.6375,319.1752577319588,Sunday,Fácil (top 25%)
2026-09-16,10134,,,20:34:36,20:51:56,,685,,,17.333333333333332,2371.153846153846,Fácil,38,September,3.6375,188.31615120274915,Wednesday,Fácil (top 25%)
2026-10-04,10162,,,16:55:46,17:02:54,,79,,,7.133333333333334,664.4859813084112,Difícil,40,October,6.148611111111111,12.848430088095776,Sunday,Difícil (bottom 25%)
2026-09-10,10031,,,17:04:09,17:10:11,,75,,,6.033333333333333,745.8563535911602,Difícil,37,September,6.148611111111111,12.19787666591371,Thursday,Difícil (bottom 25%)
2026-10-31,10168,,,17:11:37,17:18:46,,63,,,7.15,528.6713286713286,Difícil,44,October,6.148611111111111,10.246216399367515,Saturday,Difícil (bottom 25%)
2026-10-30,10124,,,17:19:43,17:34:12,,358,,,14.483333333333333,1483.084004602992,Media,44,October,6.148611111111111,58.22453128529478,Friday,Media (25-75%)
2026-09-07,10099,,,17:36:55,17:46:03,,120,,,9.133333333333333,788.3211678832117,Difícil,37,September,6.148611111111111,19.51660266546194,Monday,Difícil (bottom 25%)
2026-09-17,10158,,,17:48:52,18:32:43,,3293,,,43.85,4505.81527936146,Fácil,38,September,6.148611111111111,535.5681048113847,Thursday,Fácil (top 25%)
2026-09-30,10105,,,18:37:48,18:47:07,,127,,,9.316666666666666,817.8890876565296,Difícil,40,September,6.148611111111111,20.655071154280552,Wednesday,Difícil (bottom 25%)
2026-09-04,10135,,,18:47:56,18:56:25,,99,,,8.483333333333333,700.1964636542241,Difícil,36,September,6.148611111111111,16.101197199006098,Friday,Difícil (bottom 25%)
2026-09-21,10144,,,18:57:47,19:08:20,,167,,,10.55,949.7630331753554,Media,39,September,6.148611111111111,27.160605376101195,Monday,Media (25-75%)
2026-10-31,10120,,,19:09:33,19:25:31,,336,,,15.966666666666669,1262.6304801670144,Media,44,October,6.148611111111111,54.64648746329343,Saturday,Media (25-75%)
2026-10-30,10063,,,19:27:19,19:46:58,,285,,,19.65,870.2290076335879,Media,44,October,6.148611111111111,46.351931330472105,Friday,Media (25-75%)
2026-10-07,10042,,,19:48:42,19:59:56,,162,,,11.233333333333333,865.2818991097923,Media,41,October,6.148611111111111,26.347413598373617,Wednesday,Media (25-75%)
2026-09-20,10163,,,20:01:53,20:16:59,,107,,,15.1,425.1655629139073,Difícil,38,September,6.148611111111111,17.40230404337023,Sunday,Difícil (bottom 25%)
2026-09-27,10151,,,20:18:32,20:21:19,,50,,,2.783333333333333,1077.8443113772455,Media,39,September,6.148611111111111,8.131917777275808,Sunday,Media (25-75%)
2026-09-04,10161,,,20:22:45,20:34:31,,36,,,11.766666666666667,183.5694050991501,Difícil,36,September,6.148611111111111,5.854980799638581,Friday,Difícil (bottom 25%)
2026-09-20,10159,,,20:39:46,21:08:10,,408,,,28.4,861.9718309859155,Media,38,September,6.148611111111111,66.35644906257059,Sunday,Media (25-75%)
2026-09-21,10023,,,21:11:37,21:36:11,,835,,,24.566666666666663,2039.348710990502,Media,39,September,6.148611111111111,135.803026880506,Monday,Media (25-75%)
2026-10-03,10060,,,21:37:55,22:00:24,,852,,,22.48333333333333,2273.684210526316,Media,40,October,6.148611111111111,138.56787892477976,Saturday,Media (25-75%)
2026-09-08,10028,,,22:03:49,22:07:46,,120,,,3.95,1822.784810126582,Media,37,September,6.148611111111111,19.51660266546194,Tuesday,Media (25-75%)
2026-10-23,10001,,,22:08:38,22:33:22,,761,,,24.73333333333333,1846.091644204852,Media,43,October,6.148611111111111,123.76778857013778,Friday,Media (25-75%)
2026-10-12,10072,,,22:36:12,23:01:35,,896,,,25.383333333333333,2117.925147734734,Media,42,October,6.148611111111111,145.72396656878246,Monday,Media (25-75%)
2026-10-04,10061,,,23:04:34,23:25:06,,940,,,20.53333333333333,2746.7532467532465,Fácil,40,October,6.148611111111111,152.88005421278518,Sunday,Fácil (top 25%)
2026-10-11,10062,,,23:26:50,23:53:04,,796,,,26.23333333333333,1820.584498094028,Media,41,October,6.148611111111111,129.46013101423085,Sunday,Media (25-75%)
2026-10-12,10009,,,17:05:32,17:56:06,,3028,,,50.56666666666667,3592.880685563612,Fácil,42,October,7.088611111111111,427.16407382734434,Monday,Fácil (top 25%)
2026-09-21,10173,,,18:35:52,18:54:30,,540,,,18.633333333333333,1738.8193202146692,Media,39,September,7.088611111111111,76.17853364160038,Monday,Media (25-75%)
2026-10-13,10089,,,18:58:50,19:16:37,,146,,,17.783333333333335,492.59606373008427,Difícil,42,October,7.088611111111111,20.59641835495121,Tuesday,Difícil (bottom 25%)
2026-09-04,10039,,,19:18:20,19:38:12,,361,,,19.866666666666667,1090.268456375839,Media,36,September,7.088611111111111,50.92676045299581,Friday,Media (25-75%)
2026-09-14,10021,,,19:55:53,20:08:09,,183,,,12.266666666666667,895.1086956521739,Media,38,September,7.088611111111111,25.816058622986795,Monday,Media (25-75%)
2026-10-01,10011,,,19:39:02,19:54:45,,158,,,15.716666666666669,603.1813361611878,Difícil,40,October,7.088611111111111,22.289274658097888,Thursday,Difícil (bottom 25%)
2026-10-30,10086,,,20:09:28,20:13:48,,42,,,4.333333333333333,581.5384615384615,Difícil,44,October,7.088611111111111,5.924997061013363,Friday,Difícil (bottom 25%)
2026-09-28,10084,,,20:14:52,20:33:21,,363,,,18.48333333333333,1178.3588818755634,Media,40,September,7.088611111111111,51.20890317018692,Monday,Media (25-75%)
2026-10-23,10095,,,20:37:05,20:53:42,,213,,,16.616666666666667,769.1073219658978,Difícil,43,October,7.088611111111111,30.04819938085348,Friday,Difícil (bottom 25%)
2026-09-26,10053,,,17:58:36,18:33:26,,3589,,,34.833333333333336,6182.00956937799,Fácil,39,September,7.088611111111111,506.3051059994514,Saturday,Fácil (top 25%)
2026-10-04,10002,,,20:55:34,21:06:32,,39,,,10.966666666666669,213.3738601823708,Difícil,40,October,7.088611111111111,5.501782985226694,Sunday,Difícil (bottom 25%)
2026-10-03,10055,,,21:07:31,21:11:12,,10,,,3.683333333333333,162.89592760180994,Difícil,40,October,7.088611111111111,1.4107135859555626,Saturday,Difícil (bottom 25%)
2026-10-15,10102,,,21:12:15,21:13:50,,30,,,1.5833333333333333,1136.842105263158,Media,42,October,7.088611111111111,4.232140757866688,Thursday,Media (25-75%)
2026-10-08,10014,,,21:15:17,21:18:58,,55,,,3.683333333333333,895.9276018099548,Media,41,October,7.088611111111111,7.758924722755594,Thursday,Media (25-75%)
2026-09-10,10168,,,21:20:22,21:22:02,,18,,,1.6666666666666667,648.0,Difícil,37,September,7.088611111111111,2.5392844547200126,Thursday,Difícil (bottom 25%)
2026-11-02,10044,,,21:24:07,21:27:56,,60,,,3.816666666666667,943.2314410480348,Media,45,November,7.088611111111111,8.464281515733376,Monday,Media (25-75%)
2026-09-19,10049,,,21:28:55,21:32:37,,61,,,3.7,989.1891891891892,Media,38,September,7.088611111111111,8.605352874328933,Saturday,Media (25-75%)
2026-09-29,10147,,,22:08:03,22:32:11,,802,,,24.133333333333333,1993.9226519337017,Media,40,September,7.088611111111111,113.13922959363612,Tuesday,Media (25-75%)
2026-10-21,10029,,,22:34:12,22:59:06,,1076,,,24.9,2592.7710843373497,Fácil,43,October,7.088611111111111,151.79278184881852,Wednesday,Fácil (top 25%)
2026-10-30,10043,,,23:01:26,23:21:15,,549,,,19.816666666666663,1662.2371740958788,Media,44,October,7.088611111111111,77.44817586896039,Friday,Media (25-75%)
2026-10-25,10023,,,00:22:43,00:42:53,,741,,,20.166666666666668,2204.628099173553,Media,43,October,7.088611111111111,104.5338767193072,Sunday,Media (25-75%)
2026-11-02,10140,,,00:44:25,01:08:33,,916,,,24.133333333333333,2277.3480662983425,Media,45,November,7.088611111111111,129.22136447352955,Monday,Media (25-75%)
2026-10-22,10137,,,23:23:28,23:53:17,,1696,,,29.816666666666663,3412.8563443264397,Fácil,43,October,7.088611111111111,239.2570241780634,Thursday,Fácil (top 25%)
2026-09-05,10061,,,01:11:40,01:31:06,,833,,,19.433333333333334,2571.869639794168,Fácil,36,September,7.088611111111111,117.51244171009836,Saturday,Fácil (top 25%)
2026-09-04,10171,,,23:55:46,00:20:29,,1194,,,24.716666666666665,2898.4490896830757,Fácil,36,September,7.088611111111111,168.43920216309417,Friday,Fácil (top 25%)
2026-10-22,10088,,,22:53:12,22:56:25,,13,,,3.216666666666667,242.48704663212436,Difícil,43,October,6.263333333333334,2.075572112825971,Thursday,Difícil (bottom 25%)
2026-09-16,10081,,,22:57:57,23:28:23,,967,,,30.433333333333334,1906.4622124863088,Media,38,September,6.263333333333334,154.3906333155934,Wednesday,Media (25-75%)
2026-09-09,10068,,,23:33:55,00:08:44,,682,,,34.81666666666667,1175.2991862134993,Media,37,September,6.263333333333334,108.88770622671632,Wednesday,Media (25-75%)
2026-10-11,10090,,,20:22:32,20:33:57,,144,,,11.416666666666666,756.7883211678833,Difícil,41,October,6.263333333333334,22.990952634379987,Sunday,Difícil (bottom 25%)
2026-10-06,10117,,,00:47:39,01:20:09,,811,,,32.5,1497.2307692307693,Media,41,October,6.263333333333334,129.48376796168174,Tuesday,Media (25-75%)
2026-11-02,10012,,,20:35:13,20:52:36,,225,,,17.383333333333333,776.6059443911793,Difícil,45,November,6.263333333333334,35.92336349121873,Monday,Difícil (bottom 25%)
2026-10-29,10125,,,20:54:06,21:00:47,,91,,,6.683333333333334,816.9576059850374,Difícil,44,October,6.263333333333334,14.529004789781798,Thursday,Difícil (bottom 25%)
2026-09-13,10056,,,01:22:04,01:33:04,,189,,,11.0,1030.909090909091,Media,37,September,6.263333333333334,30.17562533262373,Sunday,Media (25-75%)
2026-10-15,10166,,,21:02:08,21:21:07,,292,,,18.98333333333333,922.9148375768218,Media,42,October,6.263333333333334,46.6205428419372,Thursday,Media (25-75%)
2026-10-09,10046,,,01:34:34,01:37:09,,240,,,2.583333333333333,5574.193548387097,Fácil,41,October,6.263333333333334,38.318254390633314,Friday,Fácil (top 25%)
2026-09-23,10078,,,01:39:28,01:47:57,,160,,,8.483333333333333,1131.630648330059,Media,39,September,6.263333333333334,25.54550292708888,Wednesday,Media (25-75%)
2026-10-22,10005,,,01:49:39,01:53:45,,60,,,4.1,878.048780487805,Media,43,October,6.263333333333334,9.579563597658328,Thursday,Media (25-75%)
2026-09-20,10170,,,01:55:33,01:58:27,,1,,,2.9,20.689655172413797,Difícil,38,September,6.263333333333334,0.1596593932943054,Sunday,Difícil (bottom 25%)
2026-09-07,10147,,,21:22:59,21:56:11,,1154,,,33.2,2085.5421686746986,Media,37,September,6.263333333333334,184.2469398616285,Monday,Media (25-75%)
2026-09-24,10029,,,21:58:21,22:20:20,,957,,,21.98333333333333,2611.978771796816,Fácil,39,September,6.263333333333334,152.79403938265034,Thursday,Fácil (top 25%)
2026-09-28,10043,,,22:21:47,22:48:41,,448,,,26.9,999.2565055762084,Media,40,September,6.263333333333334,71.52740819584885,Monday,Media (25-75%)
2026-10-28,10159,,,02:30:25,02:56:43,,565,,,26.3,1288.9733840304182,Media,44,October,6.263333333333334,90.2075572112826,Wednesday,Media (25-75%)
2026-10-30,10001,,,01:58:33,02:27:15,,950,,,28.7,1986.0627177700349,Media,44,October,6.263333333333334,151.6764236295902,Friday,Media (25-75%)
2026-10-07,10110,,,03:01:46,03:23:25,,933,,,21.65,2585.681293302541,Fácil,41,October,6.263333333333334,148.96221394358702,Wednesday,Fácil (top 25%)
2026-09-28,10079,,,03:25:03,03:57:37,,1388,,,32.56666666666667,2557.215967246673,Fácil,40,September,6.263333333333334,221.607237892496,Monday,Fácil (top 25%)
2026-10-27,10093,,,16:54:24,17:04:24,,123,,,10.0,738.0,Difícil,44,October,6.749722222222222,18.222972138771144,Tuesday,Difícil (bottom 25%)
2026-09-16,10015,,,17:05:55,17:13:19,,102,,,7.4,827.027027027027,Difícil,38,September,6.749722222222222,15.111732993127289,Wednesday,Difícil (bottom 25%)
2026-10-24,10153,,,17:14:23,17:19:30,,34,,,5.116666666666666,398.6970684039088,Difícil,43,October,6.749722222222222,5.03724433104243,Saturday,Difícil (bottom 25%)
2026-09-13,10033,,,17:21:32,17:41:12,,476,,,19.666666666666668,1452.2033898305085,Media,37,September,6.749722222222222,70.52142063459402,Sunday,Media (25-75%)
2026-10-11,10022,,,17:42:22,17:57:40,,284,,,15.3,1113.7254901960785,Media,41,October,6.749722222222222,42.07580558870736,Sunday,Media (25-75%)
2026-10-13,10111,,,18:00:53,18:13:20,,235,,,12.45,1132.5301204819275,Media,42,October,6.749722222222222,34.81624758220503,Tuesday,Media (25-75%)
2026-10-15,10075,,,18:15:07,18:33:47,,340,,,18.666666666666668,1092.857142857143,Media,42,October,6.749722222222222,50.372443310424295,Thursday,Media (25-75%)
2026-09-25,10077,,,18:35:08,18:54:44,,277,,,19.6,847.9591836734693,Media,39,September,6.749722222222222,41.03872587349274,Friday,Media (25-75%)
2026-10-10,10032,,,18:56:34,19:01:41,,82,,,5.116666666666666,961.5635179153096,Media,41,October,6.749722222222222,12.148648092514096,Saturday,Media (25-75%)
2026-10-23,10073,,,19:42:49,19:51:12,,105,,,8.383333333333333,751.4910536779324,Difícil,43,October,6.749722222222222,15.556195728219269,Friday,Difícil (bottom 25%)
2026-09-30,10059,,,19:52:53,20:13:04,,612,,,20.183333333333334,1819.3228736581336,Media,40,September,6.749722222222222,90.67039795876371,Wednesday,Media (25-75%)
2026-10-10,10128,,,19:03:00,19:37:06,,1728,,,34.1,3040.469208211144,Fácil,41,October,6.749722222222222,256.01053541297995,Saturday,Fácil (top 25%)
2026-09-30,10157,,,20:15:13,20:24:01,,380,,,8.8,2590.909090909091,Fácil,40,September,6.749722222222222,56.29861311165069,Wednesday,Fácil (top 25%)
2026-10-04,10055,,,20:29:02,20:31:47,,13,,,2.75,283.6363636363637,Difícil,40,October,6.749722222222222,1.926005185398576,Sunday,Difícil (bottom 25%)
2026-09-23,10103,,,20:33:03,20:36:56,,20,,,3.883333333333333,309.0128755364807,Difícil,39,September,6.749722222222222,2.963084900613194,Wednesday,Difícil (bottom 25%)
2026-10-21,10007,,,20:38:17,20:41:14,,175,,,2.95,3559.3220338983047,Fácil,43,October,6.749722222222222,25.926992880365447,Wednesday,Fácil (top 25%)
2026-09-23,10168,,,20:42:48,20:44:52,,75,,,2.066666666666667,2177.4193548387093,Media,39,September,6.749722222222222,11.111568377299475,Wednesday,Media (25-75%)
2026-09-07,10148,,,21:26:46,21:59:32,,926,,,32.766666666666666,1695.6256358087487,Media,37,September,6.749722222222222,137.19083089839089,Monday,Media (25-75%)
2026-10-29,10147,,,22:01:58,22:24:32,,703,,,22.566666666666663,1869.1285081240767,Media,44,October,6.749722222222222,104.15243425655378,Thursday,Media (25-75%)
2026-10-10,10060,,,22:25:54,22:43:39,,779,,,17.75,2633.239436619718,Fácil,41,October,6.749722222222222,115.4121568788839,Saturday,Fácil (top 25%)
2026-09-21,10175,,,22:45:04,22:52:32,,134,,,7.466666666666667,1076.7857142857142,Media,39,September,6.749722222222222,19.8526688341084,Monday,Media (25-75%)
2026-10-16,10047,,,22:53:40,22:56:36,,7,,,2.933333333333333,143.1818181818182,Difícil,42,October,6.749722222222222,1.0370797152146178,Friday,Difícil (bottom 25%)
2026-10-11,10065,,,22:58:15,23:26:10,,1126,,,27.916666666666668,2420.059701492537,Fácil,41,October,6.749722222222222,166.82167990452282,Sunday,Fácil (top 25%)
2026-10-08,10133,,,23:28:55,23:56:53,,1224,,,27.966666666666665,2625.983313468415,Fácil,41,October,6.749722222222222,181.34079591752743,Thursday,Fácil (top 25%)
2026-09-09,10140,,,23:59:43,00:12:19,,377,,,12.6,1795.2380952380954,Media,37,September,6.749722222222222,55.85415037655871,Wednesday,Media (25-75%)
2026-10-08,10110,,,00:17:20,00:33:38,,962,,,16.3,3541.104294478528,Fácil,41,October,6.749722222222222,142.52438371949464,Thursday,Fácil (top 25%)
2026-09-19,10061,,,00:36:26,00:56:39,,1006,,,20.216666666666665,2985.65539983512,Fácil,38,September,6.749722222222222,149.04317050084364,Saturday,Fácil (top 25%)
2026-09-26,10020,,,00:58:25,01:18:29,,845,,,20.066666666666663,2526.578073089701,Fácil,39,September,6.749722222222222,125.19033705090744,Saturday,Fácil (top 25%)
2026-10-24,10155,,,16:58:11,17:30:42,,681,,,32.516666666666666,1256.5863659661711,Media,43,October,7.489444444444445,90.92797270232178,Saturday,Media (25-75%)
2026-09-26,10069,,,17:33:54,17:51:33,,231,,,17.65,785.2691218130312,Difícil,39,September,7.489444444444445,30.843409242637787,Saturday,Difícil (bottom 25%)
2026-11-01,10142,,,18:50:25,19:17:10,,1016,,,26.75,2278.878504672897,Media,44,November,7.489444444444445,135.6575921667532,Sunday,Media (25-75%)
2026-09-14,10117,,,19:22:37,19:53:31,,1017,,,30.9,1974.757281553398,Media,38,September,7.489444444444445,135.79111341888583,Monday,Media (25-75%)
2026-09-13,10174,,,18:30:50,18:48:01,,394,,,17.183333333333334,1375.7516973811832,Media,37,September,7.489444444444445,52.60737334025666,Sunday,Media (25-75%)
2026-09-09,10008,,,17:52:54,18:01:31,,210,,,8.616666666666667,1462.2823984526112,Media,37,September,7.489444444444445,28.03946294785253,Wednesday,Media (25-75%)
2026-09-23,10040,,,20:44:05,21:04:56,,783,,,20.85,2253.237410071942,Media,39,September,7.489444444444445,104.54714041985017,Wednesday,Media (25-75%)
2026-10-09,10154,,,21:08:20,21:31:56,,522,,,23.6,1327.1186440677966,Media,41,October,7.489444444444445,69.69809361323344,Friday,Media (25-75%)
2026-10-24,10056,,,21:34:51,21:46:16,,172,,,11.416666666666666,903.941605839416,Media,43,October,7.489444444444445,22.965655366812552,Saturday,Media (25-75%)
2026-09-18,10113,,,18:04:19,18:11:21,,61,,,7.033333333333333,520.3791469194313,Difícil,38,September,7.489444444444445,8.144796380090497,Friday,Difícil (bottom 25%)
2026-11-04,10076,,,18:13:36,18:29:07,,205,,,15.516666666666667,792.6960257787325,Difícil,45,November,7.489444444444445,27.37185668718938,Wednesday,Difícil (bottom 25%)
2026-10-27,10046,,,21:47:32,21:49:53,,840,,,2.35,21446.808510638297,Fácil,44,October,7.489444444444445,112.15785179141012,Tuesday,Fácil (top 25%)
2026-09-28,10148,,,21:52:38,22:20:52,,750,,,28.23333333333333,1593.8606847697756,Media,40,September,7.489444444444445,100.14093909947331,Monday,Media (25-75%)
2026-10-31,10147,,,22:23:35,22:51:53,,906,,,28.3,1920.8480565371024,Media,44,October,7.489444444444445,120.97025443216378,Saturday,Media (25-75%)
2026-09-28,10050,,,22:55:25,23:20:51,,659,,,25.433333333333334,1554.6526867627786,Media,40,September,7.489444444444445,87.9905051554039,Monday,Media (25-75%)
2026-10-22,10043,,,23:21:55,23:37:11,,445,,,15.266666666666667,1748.908296943231,Media,43,October,7.489444444444445,59.41695719902084,Thursday,Media (25-75%)
2026-10-06,10023,,,23:38:58,00:03:21,,1258,,,24.383333333333333,3095.557074504444,Fácil,41,October,7.489444444444445,167.96973518284994,Tuesday,Fácil (top 25%)
2026-10-14,10133,,,00:08:53,00:42:06,,1263,,,33.21666666666667,2281.384846964375,Fácil,42,October,7.489444444444445,168.6373414435131,Wednesday,Fácil (top 25%)
2026-10-14,10072,,,00:44:53,01:15:29,,1084,,,30.6,2125.4901960784314,Media,42,October,7.489444444444445,144.73703731177213,Wednesday,Media (25-75%)
2026-10-21,10110,,,01:18:09,01:38:10,,949,,,20.016666666666666,2844.629475437136,Fácil,43,October,7.489444444444445,126.71166827386692,Wednesday,Fácil (top 25%)
2026-10-27,10061,,,01:42:26,,,865,,,19.33333333333333,2684.4827586206898,Fácil,44,October,7.489444444444445,115.49588309472593,Tuesday,Fácil (top 25%)
2026-10-30,10062,,,,,,444,,,10.2,2611.764705882353,Fácil,44,October,7.489444444444445,59.28343594688821,Friday,Fácil (top 25%)
2026-09-15,10013,,,17:14:45,17:34:50,,391,,,20.08333333333333,1168.1327800829877,Media,38,September,7.224166666666667,54.12388972199792,Tuesday,Media (25-75%)
2026-10-04,10071,,,17:37:41,17:50:42,,302,,,13.016666666666667,1392.0614596670932,Media,40,October,7.224166666666667,41.804129657399926,Sunday,Media (25-75%)
2026-10-04,10085,,,17:52:35,18:15:31,,648,,,22.933333333333334,1695.3488372093022,Media,40,October,7.224166666666667,89.69892721190448,Sunday,Media (25-75%)
2026-10-11,10089,,,18:36:03,18:53:04,,230,,,17.016666666666666,810.9696376101862,Difícil,41,October,7.224166666666667,31.83758218941054,Sunday,Difícil (bottom 25%)
2026-09-28,10112,,,18:54:33,18:56:53,,6,,,2.333333333333333,154.28571428571428,Difícil,40,September,7.224166666666667,0.8305456223324489,Monday,Difícil (bottom 25%)
2026-10-07,10122,,,18:57:13,19:23:20,,876,,,26.116666666666667,2012.5079770261648,Media,41,October,7.224166666666667,121.25966086053754,Wednesday,Media (25-75%)
2026-10-10,10096,,,19:26:40,19:51:57,,379,,,25.28333333333333,899.4067237969676,Media,41,October,7.224166666666667,52.462798477333024,Saturday,Media (25-75%)
2026-10-05,10095,,,19:54:04,20:06:49,,251,,,12.75,1181.1764705882354,Media,41,October,7.224166666666667,34.74449186757411,Monday,Media (25-75%)
2026-10-24,10059,,,20:10:12,20:26:17,,522,,,16.083333333333332,1947.357512953368,Media,43,October,7.224166666666667,72.25746914292306,Saturday,Media (25-75%)
2026-10-10,10097,,,21:52:01,21:55:13,,110,,,3.2,2062.5,Media,41,October,7.224166666666667,15.226669742761564,Saturday,Media (25-75%)
2026-09-12,10057,,,21:56:56,21:58:48,,3,,,1.8666666666666667,96.42857142857144,Difícil,37,September,7.224166666666667,0.4152728111662244,Saturday,Difícil (bottom 25%)
2026-11-06,10002,,,21:59:40,22:09:15,,96,,,9.583333333333334,601.0434782608695,Difícil,45,November,7.224166666666667,13.288729957319182,Friday,Difícil (bottom 25%)
2026-10-25,10165,,,22:10:40,22:12:31,,42,,,1.85,1362.162162162162,Media,43,October,7.224166666666667,5.813819356327143,Sunday,Media (25-75%)
2026-09-26,10102,,,22:14:01,22:17:24,,100,,,3.3833333333333333,1773.399014778325,Media,39,September,7.224166666666667,13.842427038874147,Saturday,Media (25-75%)
2026-09-11,10168,,,22:18:34,22:20:38,,30,,,2.066666666666667,870.9677419354837,Media,37,September,7.224166666666667,4.1527281116622445,Friday,Media (25-75%)
2026-10-12,10092,,,22:22:26,22:30:54,,123,,,8.466666666666667,871.6535433070867,Media,42,October,7.224166666666667,17.026185257815204,Monday,Media (25-75%)
2026-10-26,10049,,,22:32:35,22:35:51,,61,,,3.2666666666666666,1120.4081632653065,Media,44,October,7.224166666666667,8.44388049371323,Monday,Media (25-75%)
2026-09-24,10130,,,18:18:35,18:34:01,,297,,,15.433333333333334,1154.643628509719,Media,39,September,7.224166666666667,41.11200830545622,Thursday,Media (25-75%)
2026-10-21,10148,,,23:25:16,23:52:07,,825,,,26.85,1843.5754189944132,Media,43,October,7.224166666666667,114.20002307071172,Wednesday,Media (25-75%)
2026-10-05,10147,,,22:57:49,23:22:48,,876,,,24.98333333333333,2103.802535023349,Media,41,October,7.224166666666667,121.25966086053754,Monday,Media (25-75%)
2026-10-07,10060,,,23:54:17,00:11:36,,805,,,17.316666666666666,2789.220404234841,Fácil,41,October,7.224166666666667,111.43153766293688,Wednesday,Fácil (top 25%)
2026-10-06,10043,,,00:13:35,00:51:46,,714,,,38.18333333333333,1121.955477957224,Media,41,October,7.224166666666667,98.83492905756142,Tuesday,Media (25-75%)
2026-10-23,10047,,,22:39:41,22:56:57,,239,,,17.266666666666666,830.5019305019306,Difícil,43,October,7.224166666666667,33.08340062290922,Friday,Difícil (bottom 25%)
2026-10-30,10001,,,00:53:48,01:18:09,,878,,,24.35,2163.449691991786,Media,44,October,7.224166666666667,121.53650940131504,Friday,Media (25-75%)
2026-09-13,10140,,,01:21:16,01:31:59,,431,,,10.716666666666669,2413.063763608087,Fácil,37,September,7.224166666666667,59.66086053754758,Sunday,Fácil (top 25%)
2026-10-12,10129,,,01:36:39,01:57:03,,882,,,20.4,2594.117647058824,Fácil,42,October,7.224166666666667,122.09020648287,Monday,Fácil (top 25%)
2026-11-06,10061,,,01:58:50,02:18:11,,723,,,19.35,2241.860465116279,Media,45,November,7.224166666666667,100.0807474910601,Friday,Media (25-75%)
2026-10-18,10020,,,02:19:37,02:36:29,,619,,,16.866666666666667,2201.97628458498,Media,42,October,7.224166666666667,85.68462337063097,Sunday,Media (25-75%)
2026-10-14,10171,,,02:37:49,02:50:15,,422,,,12.433333333333334,2036.4611260053616,Media,42,October,7.224166666666667,58.41504210404891,Wednesday,Media (25-75%)
2026-10-02,10123,,,17:11:45,17:26:23,,129,,,14.633333333333333,528.9293849658314,Difícil,40,October,8.005277777777778,16.11436899267844,Friday,Difícil (bottom 25%)
2026-10-07,10033,,,18:17:35,18:33:37,,200,,,16.033333333333335,748.4407484407484,Difícil,41,October,8.005277777777778,24.98351781810611,Wednesday,Difícil (bottom 25%)
2026-10-27,10116,,,18:35:15,18:44:36,,91,,,9.35,583.9572192513369,Difícil,44,October,8.005277777777778,11.36750060723828,Tuesday,Difícil (bottom 25%)
2026-10-24,10022,,,18:46:01,19:09:21,,258,,,23.33333333333333,663.4285714285714,Difícil,43,October,8.005277777777778,32.22873798535688,Saturday,Difícil (bottom 25%)
2026-10-31,10085,,,19:12:08,19:27:14,,243,,,15.1,965.5629139072848,Media,44,October,8.005277777777778,30.354974148998924,Saturday,Media (25-75%)
2026-10-09,10173,,,19:29:11,19:38:39,,125,,,9.466666666666669,792.2535211267606,Difícil,41,October,8.005277777777778,15.61469863631632,Friday,Difícil (bottom 25%)
2026-10-13,10024,,,19:40:00,19:48:06,,89,,,8.1,659.2592592592594,Difícil,42,October,8.005277777777778,11.11766542905722,Tuesday,Difícil (bottom 25%)
2026-11-07,10075,,,19:49:07,20:04:43,,276,,,15.6,1061.5384615384614,Media,45,November,8.005277777777778,34.47725458898643,Saturday,Media (25-75%)
2026-10-11,10112,,,20:50:05,20:58:50,,68,,,8.75,466.2857142857143,Difícil,41,October,8.005277777777778,8.494396058156077,Sunday,Difícil (bottom 25%)
2026-10-30,10021,,,21:00:09,21:09:37,,149,,,9.466666666666669,944.3661971830986,Media,44,October,8.005277777777778,18.61272077448905,Friday,Media (25-75%)
2026-09-29,10096,,,21:27:05,21:39:00,,194,,,11.916666666666666,976.7832167832167,Media,40,September,8.005277777777778,24.23401228356293,Tuesday,Media (25-75%)
2026-10-10,10067,,,21:11:36,21:24:49,,241,,,13.216666666666669,1094.0731399747797,Media,41,October,8.005277777777778,30.105138970817865,Saturday,Media (25-75%)
2026-10-01,10086,,,21:40:15,21:45:14,,52,,,4.983333333333333,626.0869565217391,Difícil,40,October,8.005277777777778,6.495714632707589,Thursday,Difícil (bottom 25%)
2026-10-11,10042,,,21:46:28,21:57:38,,156,,,11.166666666666666,838.2089552238807,Difícil,41,October,8.005277777777778,19.487143898122767,Sunday,Difícil (bottom 25%)
2026-09-11,10136,,,21:59:00,22:09:43,,209,,,10.716666666666669,1170.1399688958008,Media,37,September,8.005277777777778,26.107776119920885,Friday,Media (25-75%)
2026-09-26,10100,,,22:16:46,22:28:44,,297,,,11.966666666666669,1489.1364902506964,Media,39,September,8.005277777777778,37.100523959887575,Saturday,Media (25-75%)
2026-10-03,10053,,,17:29:09,18:14:26,,5156,,,45.28333333333333,6831.652557968348,Fácil,40,October,8.005277777777778,644.0750893507756,Saturday,Fácil (top 25%)
2026-10-20,10002,,,22:31:15,22:35:31,,39,,,4.266666666666667,548.4375,Difícil,43,October,8.005277777777778,4.871785974530692,Tuesday,Difícil (bottom 25%)
2026-10-09,10143,,,22:36:18,22:38:20,,24,,,2.033333333333333,708.1967213114755,Difícil,41,October,8.005277777777778,2.998022138172733,Friday,Difícil (bottom 25%)
2026-11-01,10165,,,22:39:17,22:41:04,,30,,,1.7833333333333334,1009.3457943925232,Media,44,November,8.005277777777778,3.7475276727159166,Sunday,Media (25-75%)
2026-11-05,10149,,,22:42:31,22:44:48,,18,,,2.283333333333333,472.9927007299271,Difícil,45,November,8.005277777777778,2.24851660362955,Thursday,Difícil (bottom 25%)
2026-09-11,10106,,,22:46:01,22:48:18,,24,,,2.283333333333333,630.6569343065694,Difícil,37,September,8.005277777777778,2.998022138172733,Friday,Difícil (bottom 25%)
2026-10-18,10014,,,22:49:17,22:54:42,,68,,,5.416666666666667,753.2307692307693,Difícil,42,October,8.005277777777778,8.494396058156077,Sunday,Difícil (bottom 25%)
2026-10-24,10104,,,22:55:56,22:59:50,,105,,,3.9,1615.3846153846152,Media,43,October,8.005277777777778,13.116346854505707,Saturday,Media (25-75%)
2026-10-02,10044,,,23:01:07,23:04:06,,50,,,2.9833333333333334,1005.586592178771,Media,40,October,8.005277777777778,6.245879454526528,Friday,Media (25-75%)
2026-10-28,10049,,,23:04:54,23:08:29,,61,,,3.583333333333333,1021.3953488372092,Media,44,October,8.005277777777778,7.619972934522364,Wednesday,Media (25-75%)
2026-10-10,10167,,,23:10:26,23:39:22,,904,,,28.933333333333334,1874.6543778801845,Media,41,October,8.005277777777778,112.92550053783962,Saturday,Media (25-75%)
2026-10-25,10060,,,23:41:38,00:01:16,,878,,,19.633333333333333,2683.191850594228,Fácil,43,October,8.005277777777778,109.67764322148582,Sunday,Fácil (top 25%)
2026-09-30,10043,,,00:02:42,00:18:48,,222,,,16.1,827.3291925465837,Difícil,40,September,8.005277777777778,27.731704778097782,Wednesday,Difícil (bottom 25%)
2026-10-01,10175,,,00:21:11,00:35:01,,146,,,13.833333333333334,633.2530120481928,Difícil,40,October,8.005277777777778,18.23796800721746,Thursday,Difícil (bottom 25%)
2026-09-10,10159,,,00:36:43,01:12:07,,1020,,,35.4,1728.813559322034,Media,37,September,8.005277777777778,127.41594087234115,Thursday,Media (25-75%)
2026-10-05,10133,,,01:20:09,01:38:25,,473,,,18.266666666666666,1553.6496350364966,Media,41,October,8.005277777777778,59.08601963982096,Monday,Media (25-75%)
2026-10-20,10140,,,01:40:37,01:47:52,,153,,,7.25,1266.2068965517242,Media,43,October,8.005277777777778,19.112391130851176,Tuesday,Media (25-75%)
2026-09-10,10129,,,01:50:41,02:10:47,,1142,,,20.1,3408.955223880597,Fácil,37,September,8.005277777777778,142.6558867413859,Thursday,Fácil (top 25%)
2026-10-04,10150,,,02:12:11,02:33:18,,1110,,,21.116666666666667,3153.906866614049,Fácil,40,October,8.005277777777778,138.6585238904889,Sunday,Fácil (top 25%)
2026-09-25,10079,,,02:35:08,03:07:12,,1267,,,32.06666666666667,2370.6860706860703,Fácil,39,September,8.005277777777778,158.27058537770222,Friday,Fácil (top 25%)
2026-10-21,10099,,,18:46:35,18:57:51,,136,,,11.266666666666667,724.2603550295858,Difícil,43,October,7.68,17.708333333333336,Wednesday,Difícil (bottom 25%)
2026-10-14,10068,,,18:59:32,19:20:08,,632,,,20.6,1840.776699029126,Media,42,October,7.68,82.29166666666667,Wednesday,Media (25-75%)
2026-09-20,10138,,,19:22:15,19:33:46,,301,,,11.516666666666667,1568.162083936324,Media,38,September,7.68,39.192708333333336,Sunday,Media (25-75%)
2026-10-24,10105,,,19:35:30,19:49:56,,241,,,14.433333333333334,1001.8475750577368,Media,43,October,7.68,31.380208333333336,Saturday,Media (25-75%)
2026-11-04,10135,,,20:35:48,20:46:09,,129,,,10.35,747.8260869565217,Difícil,45,November,7.68,16.796875,Wednesday,Difícil (bottom 25%)
2026-10-29,10174,,,21:14:21,21:33:00,,386,,,18.65,1241.8230563002685,Media,44,October,7.68,50.26041666666667,Thursday,Media (25-75%)
2026-10-20,10012,,,21:03:53,21:13:08,,108,,,9.25,700.5405405405405,Difícil,43,October,7.68,14.0625,Tuesday,Difícil (bottom 25%)
2026-10-10,10008,,,20:47:29,21:02:12,,318,,,14.716666666666669,1296.489241223103,Media,41,October,7.68,41.40625,Saturday,Media (25-75%)
2026-10-23,10030,,,21:35:30,21:45:44,,110,,,10.233333333333333,644.9511400651467,Difícil,43,October,7.68,14.322916666666668,Friday,Difícil (bottom 25%)
2026-11-05,10063,,,21:47:05,22:02:17,,285,,,15.2,1125.0000000000002,Media,45,November,7.68,37.109375,Thursday,Media (25-75%)
2026-10-07,10083,,,22:04:58,22:11:59,,96,,,7.016666666666667,820.9026128266033,Difícil,41,October,7.68,12.5,Wednesday,Difícil (bottom 25%)
2026-10-16,10131,,,22:13:24,22:25:01,,195,,,11.616666666666667,1007.173601147776,Media,42,October,7.68,25.390625,Friday,Media (25-75%)
2026-10-31,10113,,,22:28:15,22:40:32,,183,,,12.283333333333331,893.8941655359566,Media,44,October,7.68,23.828125,Saturday,Media (25-75%)
2026-10-06,10076,,,22:43:04,22:55:06,,161,,,12.033333333333331,802.7700831024931,Difícil,41,October,7.68,20.963541666666668,Tuesday,Difícil (bottom 25%)
2026-10-05,10070,,,17:13:50,18:42:05,,3801,,,88.25,2584.2492917847026,Fácil,41,October,7.68,494.921875,Monday,Fácil (top 25%)
2026-09-24,10078,,,22:56:37,22:58:25,,50,,,1.8,1666.6666666666663,Media,39,September,7.68,6.510416666666667,Thursday,Media (25-75%)
2026-11-10,10034,,,22:59:39,23:03:34,,67,,,3.9166666666666665,1026.3829787234042,Media,46,November,7.68,8.723958333333334,Tuesday,Media (25-75%)
2026-11-08,10161,,,23:05:03,23:09:12,,33,,,4.15,477.10843373493975,Difícil,45,November,7.68,4.296875,Sunday,Difícil (bottom 25%)
2026-09-18,10170,,,23:10:20,23:11:19,,1,,,0.9833333333333332,61.01694915254238,Difícil,38,September,7.68,0.1302083333333333,Friday,Difícil (bottom 25%)
2026-11-07,10156,,,23:13:34,23:43:18,,1364,,,29.73333333333333,2752.4663677130043,Fácil,45,November,7.68,177.60416666666669,Saturday,Fácil (top 25%)
2026-10-17,10080,,,23:46:12,00:14:58,,1232,,,28.766666666666666,2569.6407879490152,Fácil,42,October,7.68,160.41666666666669,Saturday,Fácil (top 25%)
2026-10-26,10065,,,00:16:56,00:41:36,,712,,,24.666666666666668,1731.8918918918916,Media,44,October,7.68,92.70833333333334,Monday,Media (25-75%)
2026-10-01,10001,,,00:43:28,01:05:41,,710,,,22.216666666666665,1917.4793698424608,Media,40,October,7.68,92.44791666666669,Thursday,Media (25-75%)
2026-09-12,10140,,,01:09:17,01:32:21,,759,,,23.066666666666663,1974.277456647399,Media,37,September,7.68,98.828125,Saturday,Media (25-75%)
2026-09-19,10061,,,01:35:13,01:57:39,,966,,,22.433333333333334,2583.655274888559,Fácil,38,September,7.68,125.78125,Saturday,Fácil (top 25%)
2026-10-27,10020,,,01:59:48,02:31:27,,1121,,,31.65,2125.1184834123223,Media,44,October,7.68,145.96354166666669,Tuesday,Media (25-75%)
2026-09-28,10172,,,17:01:55,17:14:18,,134,,,12.383333333333333,649.2597577388964,Difícil,40,September,6.1819444444444445,21.67602785890811,Monday,Difícil (bottom 25%)
2026-09-26,10017,,,17:16:56,17:26:40,,93,,,9.733333333333333,573.2876712328767,Difícil,39,September,6.1819444444444445,15.043810379689956,Saturday,Difícil (bottom 25%)
2026-09-24,10000,,,17:27:32,17:30:42,,10,,,3.1666666666666665,189.47368421052636,Difícil,39,September,6.1819444444444445,1.6176140193215007,Thursday,Difícil (bottom 25%)
2026-11-02,10009,,,17:32:05,17:39:24,,310,,,7.316666666666666,2542.1412300683373,Fácil,45,November,6.1819444444444445,50.14603459896652,Monday,Fácil (top 25%)
2026-10-05,10013,,,18:01:44,18:14:27,,259,,,12.716666666666669,1222.0183486238532,Media,41,October,6.1819444444444445,41.89620310042687,Monday,Media (25-75%)
2026-09-27,10058,,,18:16:12,18:32:12,,323,,,16.0,1211.25,Media,39,September,6.1819444444444445,52.24893282408448,Sunday,Media (25-75%)
2026-10-10,10075,,,18:34:54,18:54:07,,406,,,19.216666666666665,1267.64960971379,Media,41,October,6.1819444444444445,65.67512918445293,Saturday,Media (25-75%)
2026-10-16,10037,,,18:56:37,19:01:58,,52,,,5.35,583.177570093458,Difícil,42,October,6.1819444444444445,8.411592900471804,Friday,Difícil (bottom 25%)
2026-09-14,10160,,,19:03:20,19:08:11,,96,,,4.85,1187.6288659793815,Media,38,September,6.1819444444444445,15.529094585486408,Monday,Media (25-75%)
2026-10-14,10032,,,19:09:36,19:14:10,,61,,,4.566666666666666,801.4598540145986,Difícil,42,October,6.1819444444444445,9.867445517861157,Wednesday,Difícil (bottom 25%)
2026-10-05,10098,,,19:15:34,19:20:19,,112,,,4.75,1414.7368421052631,Media,41,October,6.1819444444444445,18.11727701640081,Monday,Media (25-75%)
2026-10-04,10042,,,19:21:20,19:31:41,,184,,,10.35,1066.6666666666667,Media,40,October,6.1819444444444445,29.764097955515613,Sunday,Media (25-75%)
2026-11-02,10132,,,19:35:08,19:45:27,,151,,,10.316666666666666,878.1906300484653,Media,45,November,6.1819444444444445,24.42597169175466,Monday,Media (25-75%)
2026-10-07,10073,,,19:46:44,19:54:45,,114,,,8.016666666666667,853.2224532224532,Media,41,October,6.1819444444444445,18.44079982026511,Wednesday,Media (25-75%)
2026-11-09,10143,,,19:56:19,19:59:45,,106,,,3.433333333333333,1852.4271844660195,Media,46,November,6.1819444444444445,17.14670860480791,Monday,Media (25-75%)
2026-10-04,10106,,,20:03:48,20:07:13,,28,,,3.4166666666666665,491.7073170731707,Difícil,40,October,6.1819444444444445,4.529319254100202,Sunday,Difícil (bottom 25%)
2026-11-09,10048,,,20:10:45,20:13:04,,5,,,2.316666666666667,129.49640287769782,Difícil,46,November,6.1819444444444445,0.8088070096607504,Monday,Difícil (bottom 25%)
2026-11-09,10066,,,20:08:49,20:10:07,,3,,,1.3,138.46153846153845,Difícil,46,November,6.1819444444444445,0.4852842057964502,Monday,Difícil (bottom 25%)
2026-10-04,10092,,,20:13:11,20:21:36,,104,,,8.416666666666666,741.3861386138614,Difícil,40,October,6.1819444444444445,16.82318580094361,Sunday,Difícil (bottom 25%)
2026-10-31,10061,,,21:34:50,21:52:09,,1133,,,17.316666666666666,3925.6977863330126,Fácil,44,October,6.1819444444444445,183.27566838912605,Saturday,Fácil (top 25%)
2026-11-03,10020,,,23:54:47,00:21:23,,1408,,,26.6,3175.93984962406,Fácil,45,November,6.1819444444444445,227.7600539204673,Tuesday,Fácil (top 25%)
2026-10-24,10072,,,21:53:48,22:22:53,,961,,,29.08333333333333,1982.5787965616048,Media,43,October,6.1819444444444445,155.45270725679623,Saturday,Media (25-75%)
2026-09-18,10140,,,00:23:11,00:38:28,,582,,,15.283333333333331,2284.8418756815704,Fácil,38,September,6.1819444444444445,94.14513592451137,Friday,Fácil (top 25%)
2026-09-27,10079,,,00:41:48,01:05:46,,870,,,23.966666666666665,2178.0250347705146,Media,39,September,6.1819444444444445,140.73241968097057,Sunday,Media (25-75%)
2026-11-05,10148,,,20:23:55,20:51:39,,1009,,,27.73333333333333,2182.932692307692,Media,45,November,6.1819444444444445,163.21725454953943,Thursday,Media (25-75%)
2026-10-25,10028,,,21:29:37,21:33:29,,120,,,3.8666666666666663,1862.0689655172412,Media,43,October,6.1819444444444445,19.41136823185801,Sunday,Media (25-75%)
2026-11-11,10159,,,22:25:55,22:40:51,,336,,,14.933333333333334,1350.0,Media,46,November,6.1819444444444445,54.35183104920242,Wednesday,Media (25-75%)
2026-10-19,10065,,,23:08:17,23:32:45,,769,,,24.466666666666665,1885.8310626703,Media,43,October,6.1819444444444445,124.3945180858234,Monday,Media (25-75%)
2026-10-15,10001,,,22:43:27,23:06:23,,745,,,22.933333333333334,1949.127906976744,Media,42,October,6.1819444444444445,120.5122444394518,Thursday,Media (25-75%)
2026-09-20,10119,,,23:35:04,23:51:58,,916,,,16.9,3252.07100591716,Fácil,38,September,6.1819444444444445,148.17344416984946,Sunday,Fácil (top 25%)
2026-11-05,10155,,,17:13:26,17:31:31,,370,,,18.08333333333333,1227.6497695852536,Media,45,November,6.949166666666667,53.24379421993045,Thursday,Media (25-75%)
2026-11-12,10124,,,17:33:03,17:45:55,,239,,,12.866666666666667,1114.5077720207253,Media,46,November,6.949166666666667,34.392613023144264,Thursday,Media (25-75%)
2026-10-27,10126,,,17:47:22,17:58:01,,223,,,10.65,1256.338028169014,Media,44,October,6.949166666666667,32.090178678498624,Tuesday,Media (25-75%)
2026-10-27,10069,,,18:00:01,18:18:53,,211,,,18.866666666666667,671.0247349823321,Difícil,44,October,6.949166666666667,30.36335292001439,Tuesday,Difícil (bottom 25%)
2026-09-18,10142,,,18:20:42,18:44:51,,992,,,24.15,2464.5962732919256,Fácil,38,September,6.949166666666667,142.75092936802974,Friday,Fácil (top 25%)
2026-10-22,10117,,,18:48:15,19:11:30,,891,,,23.25,2299.3548387096776,Fácil,43,October,6.949166666666667,128.21681256745413,Thursday,Fácil (top 25%)
2026-09-17,10174,,,19:15:27,19:31:07,,503,,,15.666666666666666,1926.382978723404,Media,38,September,6.949166666666667,72.38277970979733,Thursday,Media (25-75%)
2026-09-19,10144,,,19:33:53,19:57:45,,832,,,23.866666666666667,2091.620111731844,Media,38,September,6.949166666666667,119.72658592157332,Saturday,Media (25-75%)
2026-10-28,10114,,,20:00:24,20:03:30,,417,,,3.1,8070.967741935484,Fácil,44,October,6.949166666666667,60.00719510732701,Wednesday,Fácil (top 25%)
2026-10-15,10063,,,20:10:23,20:36:56,,744,,,26.55,1681.3559322033898,Media,42,October,6.949166666666667,107.06319702602232,Thursday,Media (25-75%)
2026-11-04,10056,,,21:23:48,21:37:43,,308,,,13.916666666666666,1327.9041916167666,Media,45,November,6.949166666666667,44.32186113442859,Wednesday,Media (25-75%)
2026-10-13,10109,,,21:39:17,21:48:08,,152,,,8.85,1030.5084745762713,Media,42,October,6.949166666666667,21.87312627413359,Tuesday,Media (25-75%)
2026-10-30,10059,,,21:51:17,22:15:45,,904,,,24.466666666666665,2216.8937329700275,Media,44,October,6.949166666666667,130.0875404724787,Friday,Media (25-75%)
2026-10-18,10156,,,23:55:39,00:15:39,,1046,,,20.0,3138.0,Fácil,42,October,6.949166666666667,150.52164528120878,Sunday,Fácil (top 25%)
2026-11-07,10159,,,22:55:26,23:50:35,,2033,,,55.15,2211.7860380779694,Media,45,November,6.949166666666667,292.5530639165368,Saturday,Media (25-75%)
2026-10-23,10133,,,22:21:50,22:50:42,,1860,,,28.866666666666667,3866.050808314088,Fácil,43,October,6.949166666666667,267.65799256505574,Friday,Fácil (top 25%)
2026-11-04,10140,,,00:22:18,00:42:09,,548,,,19.85,1656.4231738035262,Media,45,November,6.949166666666667,78.85837630411321,Wednesday,Media (25-75%)
2026-09-29,10129,,,00:46:01,01:02:13,,819,,,16.2,3033.333333333334,Fácil,40,September,6.949166666666667,117.85585801654877,Tuesday,Fácil (top 25%)
2026-09-26,10150,,,01:06:37,01:32:13,,1837,,,25.6,4305.46875,Fácil,39,September,6.949166666666667,264.3482431946276,Saturday,Fácil (top 25%)
2026-11-02,10079,,,01:35:18,02:02:18,,1414,,,27.0,3142.222222222222,Fácil,45,November,6.949166666666667,203.47763520805853,Monday,Fácil (top 25%)
2026-11-13,10088,,,17:27:12,17:30:38,,17,,,3.433333333333333,297.0873786407767,Difícil,46,November,6.847222222222222,2.4827586206896552,Friday,Difícil (bottom 25%)
2026-10-26,10123,,,17:31:50,17:39:20,,84,,,7.5,672.0,Difícil,44,October,6.847222222222222,12.267748478701826,Monday,Difícil (bottom 25%)
2026-10-14,10013,,,17:43:08,18:05:13,,412,,,22.08333333333333,1119.3962264150944,Media,42,October,6.847222222222222,60.17038539553752,Wednesday,Media (25-75%)
2026-10-03,10071,,,18:07:11,18:23:21,,383,,,16.166666666666668,1421.443298969072,Media,40,October,6.847222222222222,55.935091277890464,Saturday,Media (25-75%)
2026-10-01,10082,,,18:24:51,18:41:14,,272,,,16.383333333333333,996.1342828077314,Media,40,October,6.847222222222222,39.72413793103448,Thursday,Media (25-75%)
2026-11-09,10164,,,18:43:14,19:07:16,,508,,,24.03333333333333,1268.2385575589458,Media,46,November,6.847222222222222,74.19066937119675,Monday,Media (25-75%)
2026-10-03,10089,,,19:12:07,19:31:45,,288,,,19.633333333333333,880.1358234295417,Media,40,October,6.847222222222222,42.06085192697768,Saturday,Media (25-75%)
2026-10-12,10021,,,19:33:39,19:47:13,,225,,,13.566666666666666,995.0859950859953,Media,42,October,6.847222222222222,32.86004056795132,Monday,Media (25-75%)
2026-11-11,10115,,,19:49:33,20:00:44,,226,,,11.183333333333334,1212.5186289120716,Media,46,November,6.847222222222222,33.00608519269777,Wednesday,Media (25-75%)
2026-11-08,10096,,,20:02:14,20:23:13,,532,,,20.98333333333333,1521.207307386815,Media,45,November,6.847222222222222,77.69574036511156,Sunday,Media (25-75%)
2026-10-10,10077,,,20:26:03,20:50:06,,415,,,24.05,1035.3430353430354,Media,41,October,6.847222222222222,60.60851926977688,Saturday,Media (25-75%)
2026-10-21,10091,,,20:51:58,21:05:53,,263,,,13.916666666666666,1133.8922155688624,Media,43,October,6.847222222222222,38.40973630831643,Wednesday,Media (25-75%)
2026-10-10,10156,,,21:45:16,22:10:12,,1286,,,24.933333333333334,3094.652406417112,Fácil,41,October,6.847222222222222,187.8133874239351,Saturday,Fácil (top 25%)
2026-11-06,10050,,,22:12:40,22:32:34,,1048,,,19.9,3159.7989949748744,Fácil,45,November,6.847222222222222,153.05476673427992,Friday,Fácil (top 25%)
2026-10-07,10029,,,22:34:46,22:56:51,,1091,,,22.08333333333333,2964.22641509434,Fácil,41,October,6.847222222222222,159.3346855983773,Wednesday,Fácil (top 25%)
2026-09-23,10010,,,22:58:59,23:26:55,,1130,,,27.933333333333334,2427.207637231504,Fácil,39,September,6.847222222222222,165.03042596348885,Wednesday,Fácil (top 25%)
2026-09-26,10175,,,23:29:41,23:48:23,,494,,,18.7,1585.0267379679146,Media,39,September,6.847222222222222,72.14604462474645,Saturday,Media (25-75%)
2026-11-06,10023,,,23:51:02,00:17:22,,1408,,,26.33333333333333,3208.1012658227846,Fácil,45,November,6.847222222222222,205.630831643002,Friday,Fácil (top 25%)
2026-09-15,10133,,,00:19:41,00:57:37,,1535,,,37.93333333333333,2427.943760984183,Fácil,38,September,6.847222222222222,224.1784989858012,Tuesday,Fácil (top 25%)
2026-11-11,10137,,,01:01:51,01:24:32,,916,,,22.683333333333334,2422.924320352682,Fácil,46,November,6.847222222222222,133.77687626774846,Wednesday,Fácil (top 25%)
2026-11-11,10150,,,01:26:02,01:43:26,,1300,,,17.4,4482.758620689656,Fácil,46,November,6.847222222222222,189.8580121703854,Wednesday,Fácil (top 25%)
2026-09-16,10158,16:46:00,02:46:00,17:03:19,17:55:43,,4536,,,52.4,5193.893129770992,Fácil,38,September,7.583888888888889,598.1100285693356,Wednesday,Fácil (top 25%)
2026-11-01,10123,16:46:00,02:46:00,17:58:18,18:22:30,,464,,,24.2,1150.4132231404958,Media,44,November,7.583888888888889,61.18233096476449,Sunday,Media (25-75%)
2026-10-19,10116,16:46:00,02:46:00,18:24:38,18:36:57,,97,,,12.316666666666666,472.5304465493911,Difícil,43,October,7.583888888888889,12.79027177496154,Monday,Difícil (bottom 25%)
2026-10-17,10013,16:46:00,02:46:00,18:38:38,18:51:35,,119,,,12.95,551.3513513513514,Difícil,42,October,7.583888888888889,15.691158156911582,Saturday,Difícil (bottom 25%)
2026-11-08,10085,16:46:00,02:46:00,18:52:51,19:07:34,,261,,,14.716666666666669,1064.0996602491505,Media,45,November,7.583888888888889,34.41506116768002,Sunday,Media (25-75%)
2026-11-02,10173,16:46:00,02:46:00,19:09:29,19:22:44,,265,,,13.25,1200.0,Media,45,November,7.583888888888889,34.942495055307305,Monday,Media (25-75%)
2026-10-10,10024,16:46:00,02:46:00,19:24:17,19:33:21,,99,,,9.066666666666666,655.1470588235294,Difícil,41,October,7.583888888888889,13.053988718775182,Saturday,Difícil (bottom 25%)
2026-10-25,10075,16:46:00,02:46:00,19:35:33,19:54:14,,389,,,18.683333333333334,1249.241748438894,Media,43,October,7.583888888888889,51.29294557175299,Sunday,Media (25-75%)
2026-10-30,10112,16:46:00,02:46:00,19:58:56,20:06:35,,64,,,7.65,501.9607843137255,Difícil,44,October,7.583888888888889,8.43894220203648,Friday,Difícil (bottom 25%)
2026-11-07,10115,16:46:00,02:46:00,20:50:08,21:13:12,,260,,,23.066666666666663,676.3005780346821,Difícil,45,November,7.583888888888889,34.283202695773205,Saturday,Difícil (bottom 25%)
2026-09-16,10096,16:46:00,02:46:00,21:14:44,21:31:50,,323,,,17.1,1133.3333333333333,Media,38,September,7.583888888888889,42.59028642590287,Wednesday,Media (25-75%)
2026-10-01,10086,16:46:00,02:46:00,21:33:28,21:37:52,,40,,,4.4,545.4545454545455,Difícil,40,October,7.583888888888889,5.2743388762728,Thursday,Difícil (bottom 25%)
2026-10-24,10084,16:46:00,02:46:00,21:39:42,21:52:16,,304,,,12.566666666666666,1451.458885941645,Media,43,October,7.583888888888889,40.08497545967329,Saturday,Media (25-75%)
2026-09-20,10095,16:46:00,02:46:00,21:53:48,22:04:47,,222,,,10.983333333333333,1212.7465857359637,Media,38,September,7.583888888888889,29.272580763314043,Sunday,Media (25-75%)
2026-10-07,10141,16:46:00,02:46:00,22:06:39,22:15:38,,111,,,8.983333333333333,741.3729128014843,Difícil,41,October,7.583888888888889,14.63629038165702,Wednesday,Difícil (bottom 25%)
2026-10-14,10050,16:46:00,02:46:00,22:37:11,23:01:43,,994,,,24.53333333333333,2430.978260869565,Fácil,42,October,7.583888888888889,131.06732107537908,Wednesday,Fácil (top 25%)
2026-11-09,10029,16:46:00,02:46:00,23:03:32,23:20:26,,1097,,,16.9,3894.6745562130186,Fácil,46,November,7.583888888888889,144.64874368178155,Monday,Fácil (top 25%)
2026-09-18,10010,16:46:00,02:46:00,23:21:44,23:50:25,,1188,,,28.683333333333334,2485.06682161534,Fácil,38,September,7.583888888888889,156.6478646253022,Friday,Fácil (top 25%)
2026-09-27,10023,16:46:00,02:46:00,23:52:27,00:16:04,,1106,,,23.616666666666667,2809.880028228652,Fácil,39,September,7.583888888888889,145.83546992894293,Sunday,Fácil (top 25%)
2026-10-11,10133,16:46:00,02:46:00,00:18:08,00:54:00,,1242,,,35.86666666666667,2077.6951672862456,Media,41,October,7.583888888888889,163.76822210827046,Sunday,Media (25-75%)
2026-10-01,10137,16:46:00,02:46:00,00:56:19,01:21:02,,1051,,,24.716666666666665,2551.31490222522,Fácil,40,October,7.583888888888889,138.58325397406784,Thursday,Fácil (top 25%)
2026-11-05,10150,16:46:00,02:46:00,01:04:51,01:22:24,,974,,,17.55,3329.9145299145293,Fácil,45,November,7.583888888888889,128.4301516372427,Thursday,Fácil (top 25%)
2026-10-22,10119,16:46:00,02:46:00,01:48:18,02:09:41,,1388,,,21.383333333333333,3894.621979734996,Fácil,43,October,7.583888888888889,183.01955900666616,Thursday,Fácil (top 25%)
2026-10-07,10171,16:46:00,02:46:00,02:11:39,02:29:06,,1169,,,17.45,4019.484240687679,Fácil,41,October,7.583888888888889,154.1425536590726,Wednesday,Fácil (top 25%)
