id_ruta,operador,tiempo_estimado,fecha_planificacion,n_operadores,meta_horas,prob_extra,makespan_simulado
266,Operador 1,16.7,20260719_2001,3,10.0,,
264,Operador 2,18.3,20260719_2001,3,10.0,,
263,Operador 3,8.5,20260719_2001,3,10.0,,
261,Operador 1,17.2,20260719_2001,3,10.0,,
260,Operador 2,15.1,20260719_2001,3,10.0,,
258,Operador 3,11.5,20260719_2001,3,10.0,,
257,Operador 1,14.1,20260719_2001,3,10.0,,
256,Operador 2,15.6,20260719_2001,3,10.0,,
255,Operador 3,18.5,20260719_2001,3,10.0,,
254,Operador 1,15.0,20260719_2001,3,10.0,,
253,Operador 2,15.2,20260719_2001,3,10.0,,
252,Operador 3,13.1,20260719_2001,3,10.0,,
213,Operador 1,14.3,20260719_2001,3,10.0,,
212,Operador 2,15.5,20260719_2001,3,10.0,,
211,Operador 3,18.1,20260719_2001,3,10.0,,
209,Operador 1,12.9,20260719_2001,3,10.0,,
207,Operador 2,19.3,20260719_2001,3,10.0,,
201,Operador 3,16.2,20260719_2001,3,10.0,,
1259,Operador 1,13.4,20260719_2001,3,10.0,,
315,Operador 2,19.3,20260719_2001,3,10.0,,
313,Operador 3,16.3,20260719_2001,3,10.0,,
312,Operador 1,12.7,20260719_2001,3,10.0,,
311,Operador 2,18.8,20260719_2001,3,10.0,,
310,Operador 3,12.3,20260719_2001,3,10.0,,
309,Operador 1,18.8,20260719_2001,3,10.0,,
308,Operador 2,15.6,20260719_2001,3,10.0,,
307,Operador 3,12.8,20260719_2001,3,10.0,,
306,Operador 1,13.4,20260719_2001,3,10.0,,
304,Operador 2,13.7,20260719_2001,3,10.0,,
303,Operador 3,12.6,20260719_2001,3,10.0,,
301,Operador 1,12.3,20260719_2001,3,10.0,,
9435,Operador 2,18.6,20260719_2001,3,10.0,,
9434,Operador 3,15.2,20260719_2001,3,10.0,,
9426,Operador 1,10.9,20260719_2001,3,10.0,,
9425,Operador 2,11.9,20260719_2001,3,10.0,,
9424,Operador 3,15.6,20260719_2001,3,10.0,,
9422,Operador 1,12.0,20260719_2001,3,10.0,,
9419,Operador 2,17.1,20260719_2001,3,10.0,,
9390,Operador 3,12.4,20260719_2001,3,10.0,,
9371,Operador 1,14.9,20260719_2001,3,10.0,,
9370,Operador 2,20.7,20260719_2001,3,10.0,,
9359,Operador 3,17.5,20260719_2001,3,10.0,,
9355,Operador 1,18.2,20260719_2001,3,10.0,,
9353,Operador 2,18.3,20260719_2001,3,10.0,,
9345,Operador 3,12.5,20260719_2001,3,10.0,,
9340,Operador 1,15.6,20260719_2001,3,10.0,,
9339,Operador 2,21.8,20260719_2001,3,10.0,,
9337,Operador 3,10.8,20260719_2001,3,10.0,,
9333,Operador 1,10.4,20260719_2001,3,10.0,,
9326,Operador 2,14.8,20260719_2001,3,10.0,,
9320,Operador 3,16.3,20260719_2001,3,10.0,,
9312,Operador 1,18.6,20260719_2001,3,10.0,,
9311,Operador 2,14.9,20260719_2001,3,10.0,,
9310,Operador 3,12.3,20260719_2001,3,10.0,,
9305,Operador 1,15.1,20260719_2001,3,10.0,,
8257,Operador 2,16.0,20260719_2001,3,10.0,,
8256,Operador 3,14.2,20260719_2001,3,10.0,,
8251,Operador 1,12.3,20260719_2001,3,10.0,,
8002,Operador 2,14.8,20260719_2001,3,10.0,,
7741,Operador 3,10.6,20260719_2001,3,10.0,,
7739,Operador 1,16.6,20260719_2001,3,10.0,,
7735,Operador 2,18.7,20260719_2001,3,10.0,,
7733,Operador 3,10.8,20260719_2001,3,10.0,,
7731,Operador 1,12.1,20260719_2001,3,10.0,,
7729,Operador 2,17.7,20260719_2001,3,10.0,,
7728,Operador 3,15.5,20260719_2001,3,10.0,,
7727,Operador 1,12.2,20260719_2001,3,10.0,,
7723,Operador 2,13.9,20260719_2001,3,10.0,,
7716,Operador 3,17.4,20260719_2001,3,10.0,,
7710,Operador 1,16.8,20260719_2001,3,10.0,,
7702,Operador 2,12.1,20260719_2001,3,10.0,,
7693,Operador 3,11.1,20260719_2001,3,10.0,,
7692,Operador 1,14.3,20260719_2001,3,10.0,,
7690,Operador 2,13.8,20260719_2001,3,10.0,,
7681,Operador 3,13.1,20260719_2001,3,10.0,,
7680,Operador 1,17.0,20260719_2001,3,10.0,,
7677,Operador 2,16.1,20260719_2001,3,10.0,,
7675,Operador 3,12.9,20260719_2001,3,10.0,,
7672,Operador 1,15.8,20260719_2001,3,10.0,,
7663,Operador 2,14.6,20260719_2001,3,10.0,,
7659,Operador 3,16.1,20260719_2001,3,10.0,,
7651,Operador 1,17.7,20260719_2001,3,10.0,,
7649,Operador 2,14.4,20260719_2001,3,10.0,,
7645,Operador 3,18.9,20260719_2001,3,10.0,,
7643,Operador 1,18.2,20260719_2001,3,10.0,,
7642,Operador 2,11.7,20260719_2001,3,10.0,,
7640,Operador 3,10.3,20260719_2001,3,10.0,,
7637,Operador 1,13.8,20260719_2001,3,10.0,,
7634,Operador 2,17.4,20260719_2001,3,10.0,,
7631,Operador 3,8.6,20260719_2001,3,10.0,,
7627,Operador 1,18.3,20260719_2001,3,10.0,,
7626,Operador 2,10.0,20260719_2001,3,10.0,,
7624,Operador 3,15.8,20260719_2001,3,10.0,,
7623,Operador 1,15.5,20260719_2001,3,10.0,,
7615,Operador 2,19.6,20260719_2001,3,10.0,,
7612,Operador 3,13.7,20260719_2001,3,10.0,,
7604,Operador 1,11.4,20260719_2001,3,10.0,,
7601,Operador 2,19.7,20260719_2001,3,10.0,,
266,Operador 1,22.3,20260719_2005,3,8.0,1.0,694.1640555610372
264,Operador 2,12.9,20260719_2005,3,8.0,1.0,694.1640555610372
263,Operador 3,15.6,20260719_2005,3,8.0,1.0,694.1640555610372
261,Operador 1,11.9,20260719_2005,3,8.0,1.0,694.1640555610372
260,Operador 2,17.9,20260719_2005,3,8.0,1.0,694.1640555610372
258,Operador 3,9.0,20260719_2005,3,8.0,1.0,694.1640555610372
257,Operador 1,20.6,20260719_2005,3,8.0,1.0,694.1640555610372
256,Operador 2,15.1,20260719_2005,3,8.0,1.0,694.1640555610372
255,Operador 3,9.7,20260719_2005,3,8.0,1.0,694.1640555610372
254,Operador 1,14.6,20260719_2005,3,8.0,1.0,694.1640555610372
253,Operador 2,12.4,20260719_2005,3,8.0,1.0,694.1640555610372
252,Operador 3,16.0,20260719_2005,3,8.0,1.0,694.1640555610372
213,Operador 1,12.3,20260719_2005,3,8.0,1.0,694.1640555610372
212,Operador 2,16.9,20260719_2005,3,8.0,1.0,694.1640555610372
211,Operador 3,18.9,20260719_2005,3,8.0,1.0,694.1640555610372
209,Operador 1,14.1,20260719_2005,3,8.0,1.0,694.1640555610372
207,Operador 2,15.9,20260719_2005,3,8.0,1.0,694.1640555610372
201,Operador 3,14.3,20260719_2005,3,8.0,1.0,694.1640555610372
1259,Operador 1,19.8,20260719_2005,3,8.0,1.0,694.1640555610372
315,Operador 2,14.4,20260719_2005,3,8.0,1.0,694.1640555610372
313,Operador 3,23.1,20260719_2005,3,8.0,1.0,694.1640555610372
312,Operador 1,17.5,20260719_2005,3,8.0,1.0,694.1640555610372
311,Operador 2,12.8,20260719_2005,3,8.0,1.0,694.1640555610372
310,Operador 3,12.8,20260719_2005,3,8.0,1.0,694.1640555610372
309,Operador 1,18.4,20260719_2005,3,8.0,1.0,694.1640555610372
308,Operador 2,13.0,20260719_2005,3,8.0,1.0,694.1640555610372
307,Operador 3,12.2,20260719_2005,3,8.0,1.0,694.1640555610372
306,Operador 1,14.2,20260719_2005,3,8.0,1.0,694.1640555610372
304,Operador 2,13.3,20260719_2005,3,8.0,1.0,694.1640555610372
303,Operador 3,17.5,20260719_2005,3,8.0,1.0,694.1640555610372
301,Operador 1,13.6,20260719_2005,3,8.0,1.0,694.1640555610372
9435,Operador 2,15.6,20260719_2005,3,8.0,1.0,694.1640555610372
9434,Operador 3,12.6,20260719_2005,3,8.0,1.0,694.1640555610372
9426,Operador 1,14.3,20260719_2005,3,8.0,1.0,694.1640555610372
9425,Operador 2,12.1,20260719_2005,3,8.0,1.0,694.1640555610372
9424,Operador 3,21.1,20260719_2005,3,8.0,1.0,694.1640555610372
9422,Operador 1,12.6,20260719_2005,3,8.0,1.0,694.1640555610372
9419,Operador 2,13.4,20260719_2005,3,8.0,1.0,694.1640555610372
9390,Operador 3,18.2,20260719_2005,3,8.0,1.0,694.1640555610372
9371,Operador 1,14.5,20260719_2005,3,8.0,1.0,694.1640555610372
9370,Operador 2,11.6,20260719_2005,3,8.0,1.0,694.1640555610372
9359,Operador 3,15.8,20260719_2005,3,8.0,1.0,694.1640555610372
9355,Operador 1,16.2,20260719_2005,3,8.0,1.0,694.1640555610372
9353,Operador 2,11.2,20260719_2005,3,8.0,1.0,694.1640555610372
9345,Operador 3,10.8,20260719_2005,3,8.0,1.0,694.1640555610372
9340,Operador 1,19.2,20260719_2005,3,8.0,1.0,694.1640555610372
9339,Operador 2,12.7,20260719_2005,3,8.0,1.0,694.1640555610372
9337,Operador 3,15.4,20260719_2005,3,8.0,1.0,694.1640555610372
9333,Operador 1,11.7,20260719_2005,3,8.0,1.0,694.1640555610372
9326,Operador 2,15.8,20260719_2005,3,8.0,1.0,694.1640555610372
9320,Operador 3,12.8,20260719_2005,3,8.0,1.0,694.1640555610372
9312,Operador 1,14.6,20260719_2005,3,8.0,1.0,694.1640555610372
9311,Operador 2,17.8,20260719_2005,3,8.0,1.0,694.1640555610372
9310,Operador 3,14.0,20260719_2005,3,8.0,1.0,694.1640555610372
9305,Operador 1,16.8,20260719_2005,3,8.0,1.0,694.1640555610372
8257,Operador 2,19.2,20260719_2005,3,8.0,1.0,694.1640555610372
8256,Operador 3,12.5,20260719_2005,3,8.0,1.0,694.1640555610372
8251,Operador 1,16.9,20260719_2005,3,8.0,1.0,694.1640555610372
8002,Operador 2,11.4,20260719_2005,3,8.0,1.0,694.1640555610372
7741,Operador 3,14.6,20260719_2005,3,8.0,1.0,694.1640555610372
7739,Operador 1,18.0,20260719_2005,3,8.0,1.0,694.1640555610372
7735,Operador 2,13.2,20260719_2005,3,8.0,1.0,694.1640555610372
7733,Operador 3,15.4,20260719_2005,3,8.0,1.0,694.1640555610372
7731,Operador 1,8.5,20260719_2005,3,8.0,1.0,694.1640555610372
7729,Operador 2,15.9,20260719_2005,3,8.0,1.0,694.1640555610372
7728,Operador 3,12.4,20260719_2005,3,8.0,1.0,694.1640555610372
7727,Operador 1,17.1,20260719_2005,3,8.0,1.0,694.1640555610372
7723,Operador 2,13.2,20260719_2005,3,8.0,1.0,694.1640555610372
7716,Operador 3,17.5,20260719_2005,3,8.0,1.0,694.1640555610372
7710,Operador 1,14.6,20260719_2005,3,8.0,1.0,694.1640555610372
7702,Operador 2,18.6,20260719_2005,3,8.0,1.0,694.1640555610372
7693,Operador 3,14.0,20260719_2005,3,8.0,1.0,694.1640555610372
7692,Operador 1,11.3,20260719_2005,3,8.0,1.0,694.1640555610372
7690,Operador 2,15.2,20260719_2005,3,8.0,1.0,694.1640555610372
7681,Operador 3,15.5,20260719_2005,3,8.0,1.0,694.1640555610372
7680,Operador 1,14.2,20260719_2005,3,8.0,1.0,694.1640555610372
7677,Operador 2,14.9,20260719_2005,3,8.0,1.0,694.1640555610372
7675,Operador 3,15.0,20260719_2005,3,8.0,1.0,694.1640555610372
7672,Operador 1,17.2,20260719_2005,3,8.0,1.0,694.1640555610372
7663,Operador 2,15.7,20260719_2005,3,8.0,1.0,694.1640555610372
7659,Operador 3,13.9,20260719_2005,3,8.0,1.0,694.1640555610372
7651,Operador 1,16.3,20260719_2005,3,8.0,1.0,694.1640555610372
7649,Operador 2,20.0,20260719_2005,3,8.0,1.0,694.1640555610372
7645,Operador 3,13.3,20260719_2005,3,8.0,1.0,694.1640555610372
7643,Operador 1,17.1,20260719_2005,3,8.0,1.0,694.1640555610372
7642,Operador 2,15.4,20260719_2005,3,8.0,1.0,694.1640555610372
7640,Operador 3,9.9,20260719_2005,3,8.0,1.0,694.1640555610372
7637,Operador 1,14.2,20260719_2005,3,8.0,1.0,694.1640555610372
7634,Operador 2,15.8,20260719_2005,3,8.0,1.0,694.1640555610372
7631,Operador 3,13.2,20260719_2005,3,8.0,1.0,694.1640555610372
7627,Operador 1,12.3,20260719_2005,3,8.0,1.0,694.1640555610372
7626,Operador 2,10.6,20260719_2005,3,8.0,1.0,694.1640555610372
7624,Operador 3,16.1,20260719_2005,3,8.0,1.0,694.1640555610372
7623,Operador 1,8.8,20260719_2005,3,8.0,1.0,694.1640555610372
7615,Operador 2,16.8,20260719_2005,3,8.0,1.0,694.1640555610372
7612,Operador 3,8.9,20260719_2005,3,8.0,1.0,694.1640555610372
7604,Operador 1,16.8,20260719_2005,3,8.0,1.0,694.1640555610372
7601,Operador 2,14.0,20260719_2005,3,8.0,1.0,694.1640555610372
266,Operador 1,17.1,20260719_2008,3,8.0,1.0,693.441870002793
264,Operador 2,12.0,20260719_2008,3,8.0,1.0,693.441870002793
263,Operador 3,17.8,20260719_2008,3,8.0,1.0,693.441870002793
261,Operador 1,17.9,20260719_2008,3,8.0,1.0,693.441870002793
260,Operador 2,14.0,20260719_2008,3,8.0,1.0,693.441870002793
258,Operador 3,12.0,20260719_2008,3,8.0,1.0,693.441870002793
257,Operador 1,11.1,20260719_2008,3,8.0,1.0,693.441870002793
256,Operador 2,15.2,20260719_2008,3,8.0,1.0,693.441870002793
255,Operador 3,16.1,20260719_2008,3,8.0,1.0,693.441870002793
254,Operador 1,9.3,20260719_2008,3,8.0,1.0,693.441870002793
253,Operador 2,18.7,20260719_2008,3,8.0,1.0,693.441870002793
252,Operador 3,15.4,20260719_2008,3,8.0,1.0,693.441870002793
213,Operador 1,13.3,20260719_2008,3,8.0,1.0,693.441870002793
212,Operador 2,16.3,20260719_2008,3,8.0,1.0,693.441870002793
211,Operador 3,14.2,20260719_2008,3,8.0,1.0,693.441870002793
209,Operador 1,18.2,20260719_2008,3,8.0,1.0,693.441870002793
207,Operador 2,10.5,20260719_2008,3,8.0,1.0,693.441870002793
201,Operador 3,19.1,20260719_2008,3,8.0,1.0,693.441870002793
1259,Operador 1,14.3,20260719_2008,3,8.0,1.0,693.441870002793
315,Operador 2,13.0,20260719_2008,3,8.0,1.0,693.441870002793
313,Operador 3,16.7,20260719_2008,3,8.0,1.0,693.441870002793
312,Operador 1,15.5,20260719_2008,3,8.0,1.0,693.441870002793
311,Operador 2,14.9,20260719_2008,3,8.0,1.0,693.441870002793
310,Operador 3,17.5,20260719_2008,3,8.0,1.0,693.441870002793
309,Operador 1,13.8,20260719_2008,3,8.0,1.0,693.441870002793
308,Operador 2,20.1,20260719_2008,3,8.0,1.0,693.441870002793
307,Operador 3,13.4,20260719_2008,3,8.0,1.0,693.441870002793
306,Operador 1,20.2,20260719_2008,3,8.0,1.0,693.441870002793
304,Operador 2,17.0,20260719_2008,3,8.0,1.0,693.441870002793
303,Operador 3,15.6,20260719_2008,3,8.0,1.0,693.441870002793
301,Operador 1,16.8,20260719_2008,3,8.0,1.0,693.441870002793
9435,Operador 2,17.9,20260719_2008,3,8.0,1.0,693.441870002793
9434,Operador 3,11.4,20260719_2008,3,8.0,1.0,693.441870002793
9426,Operador 1,15.6,20260719_2008,3,8.0,1.0,693.441870002793
9425,Operador 2,18.8,20260719_2008,3,8.0,1.0,693.441870002793
9424,Operador 3,13.4,20260719_2008,3,8.0,1.0,693.441870002793
9422,Operador 1,15.4,20260719_2008,3,8.0,1.0,693.441870002793
9419,Operador 2,20.4,20260719_2008,3,8.0,1.0,693.441870002793
9390,Operador 3,11.1,20260719_2008,3,8.0,1.0,693.441870002793
9371,Operador 1,13.4,20260719_2008,3,8.0,1.0,693.441870002793
9370,Operador 2,12.8,20260719_2008,3,8.0,1.0,693.441870002793
9359,Operador 3,15.5,20260719_2008,3,8.0,1.0,693.441870002793
9355,Operador 1,17.9,20260719_2008,3,8.0,1.0,693.441870002793
9353,Operador 2,14.2,20260719_2008,3,8.0,1.0,693.441870002793
9345,Operador 3,15.5,20260719_2008,3,8.0,1.0,693.441870002793
9340,Operador 1,14.0,20260719_2008,3,8.0,1.0,693.441870002793
9339,Operador 2,17.8,20260719_2008,3,8.0,1.0,693.441870002793
9337,Operador 3,15.9,20260719_2008,3,8.0,1.0,693.441870002793
9333,Operador 1,20.3,20260719_2008,3,8.0,1.0,693.441870002793
9326,Operador 2,12.2,20260719_2008,3,8.0,1.0,693.441870002793
9320,Operador 3,16.9,20260719_2008,3,8.0,1.0,693.441870002793
9312,Operador 1,18.8,20260719_2008,3,8.0,1.0,693.441870002793
9311,Operador 2,11.2,20260719_2008,3,8.0,1.0,693.441870002793
9310,Operador 3,14.7,20260719_2008,3,8.0,1.0,693.441870002793
9305,Operador 1,15.7,20260719_2008,3,8.0,1.0,693.441870002793
8257,Operador 2,9.6,20260719_2008,3,8.0,1.0,693.441870002793
8256,Operador 3,17.6,20260719_2008,3,8.0,1.0,693.441870002793
8251,Operador 1,18.1,20260719_2008,3,8.0,1.0,693.441870002793
8002,Operador 2,13.8,20260719_2008,3,8.0,1.0,693.441870002793
7741,Operador 3,13.9,20260719_2008,3,8.0,1.0,693.441870002793
7739,Operador 1,14.7,20260719_2008,3,8.0,1.0,693.441870002793
7735,Operador 2,19.8,20260719_2008,3,8.0,1.0,693.441870002793
7733,Operador 3,18.8,20260719_2008,3,8.0,1.0,693.441870002793
7731,Operador 1,11.3,20260719_2008,3,8.0,1.0,693.441870002793
7729,Operador 2,9.5,20260719_2008,3,8.0,1.0,693.441870002793
7728,Operador 3,10.5,20260719_2008,3,8.0,1.0,693.441870002793
7727,Operador 1,11.7,20260719_2008,3,8.0,1.0,693.441870002793
7723,Operador 2,12.7,20260719_2008,3,8.0,1.0,693.441870002793
7716,Operador 3,18.3,20260719_2008,3,8.0,1.0,693.441870002793
7710,Operador 1,9.6,20260719_2008,3,8.0,1.0,693.441870002793
7702,Operador 2,14.7,20260719_2008,3,8.0,1.0,693.441870002793
7693,Operador 3,14.0,20260719_2008,3,8.0,1.0,693.441870002793
7692,Operador 1,10.5,20260719_2008,3,8.0,1.0,693.441870002793
7690,Operador 2,19.5,20260719_2008,3,8.0,1.0,693.441870002793
7681,Operador 3,20.9,20260719_2008,3,8.0,1.0,693.441870002793
7680,Operador 1,12.0,20260719_2008,3,8.0,1.0,693.441870002793
7677,Operador 2,16.5,20260719_2008,3,8.0,1.0,693.441870002793
7675,Operador 3,22.1,20260719_2008,3,8.0,1.0,693.441870002793
7672,Operador 1,11.5,20260719_2008,3,8.0,1.0,693.441870002793
7663,Operador 2,12.9,20260719_2008,3,8.0,1.0,693.441870002793
7659,Operador 3,19.6,20260719_2008,3,8.0,1.0,693.441870002793
7651,Operador 1,8.2,20260719_2008,3,8.0,1.0,693.441870002793
7649,Operador 2,14.4,20260719_2008,3,8.0,1.0,693.441870002793
7645,Operador 3,18.1,20260719_2008,3,8.0,1.0,693.441870002793
7643,Operador 1,9.1,20260719_2008,3,8.0,1.0,693.441870002793
7642,Operador 2,15.1,20260719_2008,3,8.0,1.0,693.441870002793
7640,Operador 3,12.9,20260719_2008,3,8.0,1.0,693.441870002793
7637,Operador 1,15.3,20260719_2008,3,8.0,1.0,693.441870002793
7634,Operador 2,10.0,20260719_2008,3,8.0,1.0,693.441870002793
7631,Operador 3,12.3,20260719_2008,3,8.0,1.0,693.441870002793
7627,Operador 1,17.2,20260719_2008,3,8.0,1.0,693.441870002793
7626,Operador 2,12.1,20260719_2008,3,8.0,1.0,693.441870002793
7624,Operador 3,14.5,20260719_2008,3,8.0,1.0,693.441870002793
7623,Operador 1,11.3,20260719_2008,3,8.0,1.0,693.441870002793
7615,Operador 2,16.1,20260719_2008,3,8.0,1.0,693.441870002793
7612,Operador 3,13.5,20260719_2008,3,8.0,1.0,693.441870002793
7604,Operador 1,11.3,20260719_2008,3,8.0,1.0,693.441870002793
7601,Operador 2,13.4,20260719_2008,3,8.0,1.0,693.441870002793
266,Operador 1,2.0,20260719_2011,3,8.0,0.0005,303.136450780424
264,Operador 2,2.8,20260719_2011,3,8.0,0.0005,303.136450780424
263,Operador 3,2.8,20260719_2011,3,8.0,0.0005,303.136450780424
261,Operador 1,2.0,20260719_2011,3,8.0,0.0005,303.136450780424
260,Operador 2,3.5,20260719_2011,3,8.0,0.0005,303.136450780424
258,Operador 3,1.8,20260719_2011,3,8.0,0.0005,303.136450780424
257,Operador 1,2.2,20260719_2011,3,8.0,0.0005,303.136450780424
256,Operador 2,2.6,20260719_2011,3,8.0,0.0005,303.136450780424
255,Operador 3,2.0,20260719_2011,3,8.0,0.0005,303.136450780424
254,Operador 1,3.5,20260719_2011,3,8.0,0.0005,303.136450780424
253,Operador 2,3.5,20260719_2011,3,8.0,0.0005,303.136450780424
252,Operador 3,3.5,20260719_2011,3,8.0,0.0005,303.136450780424
213,Operador 1,3.6,20260719_2011,3,8.0,0.0005,303.136450780424
212,Operador 2,3.5,20260719_2011,3,8.0,0.0005,303.136450780424
211,Operador 3,2.1,20260719_2011,3,8.0,0.0005,303.136450780424
209,Operador 1,2.0,20260719_2011,3,8.0,0.0005,303.136450780424
207,Operador 2,3.6,20260719_2011,3,8.0,0.0005,303.136450780424
201,Operador 3,3.9,20260719_2011,3,8.0,0.0005,303.136450780424
1259,Operador 1,2.0,20260719_2011,3,8.0,0.0005,303.136450780424
315,Operador 2,3.5,20260719_2011,3,8.0,0.0005,303.136450780424
313,Operador 3,2.7,20260719_2011,3,8.0,0.0005,303.136450780424
312,Operador 1,2.1,20260719_2011,3,8.0,0.0005,303.136450780424
311,Operador 2,2.7,20260719_2011,3,8.0,0.0005,303.136450780424
310,Operador 3,1.8,20260719_2011,3,8.0,0.0005,303.136450780424
309,Operador 1,2.0,20260719_2011,3,8.0,0.0005,303.136450780424
308,Operador 2,2.1,20260719_2011,3,8.0,0.0005,303.136450780424
307,Operador 3,1.7,20260719_2011,3,8.0,0.0005,303.136450780424
306,Operador 1,3.7,20260719_2011,3,8.0,0.0005,303.136450780424
304,Operador 2,2.2,20260719_2011,3,8.0,0.0005,303.136450780424
303,Operador 3,3.8,20260719_2011,3,8.0,0.0005,303.136450780424
301,Operador 1,2.2,20260719_2011,3,8.0,0.0005,303.136450780424
9435,Operador 2,3.5,20260719_2011,3,8.0,0.0005,303.136450780424
9434,Operador 3,3.5,20260719_2011,3,8.0,0.0005,303.136450780424
9426,Operador 1,2.7,20260719_2011,3,8.0,0.0005,303.136450780424
9425,Operador 2,2.7,20260719_2011,3,8.0,0.0005,303.136450780424
9424,Operador 3,3.5,20260719_2011,3,8.0,0.0005,303.136450780424
9422,Operador 1,2.8,20260719_2011,3,8.0,0.0005,303.136450780424
9419,Operador 2,2.8,20260719_2011,3,8.0,0.0005,303.136450780424
9390,Operador 3,3.5,20260719_2011,3,8.0,0.0005,303.136450780424
9371,Operador 1,2.7,20260719_2011,3,8.0,0.0005,303.136450780424
9370,Operador 2,3.5,20260719_2011,3,8.0,0.0005,303.136450780424
9359,Operador 3,2.8,20260719_2011,3,8.0,0.0005,303.136450780424
9355,Operador 1,2.8,20260719_2011,3,8.0,0.0005,303.136450780424
9353,Operador 2,3.5,20260719_2011,3,8.0,0.0005,303.136450780424
9345,Operador 3,3.5,20260719_2011,3,8.0,0.0005,303.136450780424
9340,Operador 1,2.0,20260719_2011,3,8.0,0.0005,303.136450780424
9339,Operador 2,2.1,20260719_2011,3,8.0,0.0005,303.136450780424
9337,Operador 3,2.0,20260719_2011,3,8.0,0.0005,303.136450780424
9333,Operador 1,2.2,20260719_2011,3,8.0,0.0005,303.136450780424
9326,Operador 2,2.1,20260719_2011,3,8.0,0.0005,303.136450780424
9320,Operador 3,2.7,20260719_2011,3,8.0,0.0005,303.136450780424
9312,Operador 1,3.9,20260719_2011,3,8.0,0.0005,303.136450780424
9311,Operador 2,2.6,20260719_2011,3,8.0,0.0005,303.136450780424
9310,Operador 3,3.6,20260719_2011,3,8.0,0.0005,303.136450780424
9305,Operador 1,2.0,20260719_2011,3,8.0,0.0005,303.136450780424
8257,Operador 2,2.7,20260719_2011,3,8.0,0.0005,303.136450780424
8256,Operador 3,2.0,20260719_2011,3,8.0,0.0005,303.136450780424
8251,Operador 1,3.5,20260719_2011,3,8.0,0.0005,303.136450780424
8002,Operador 2,2.7,20260719_2011,3,8.0,0.0005,303.136450780424
7741,Operador 3,3.5,20260719_2011,3,8.0,0.0005,303.136450780424
7739,Operador 1,2.8,20260719_2011,3,8.0,0.0005,303.136450780424
7735,Operador 2,2.7,20260719_2011,3,8.0,0.0005,303.136450780424
7733,Operador 3,2.1,20260719_2011,3,8.0,0.0005,303.136450780424
7731,Operador 1,2.8,20260719_2011,3,8.0,0.0005,303.136450780424
7729,Operador 2,3.5,20260719_2011,3,8.0,0.0005,303.136450780424
7728,Operador 3,2.0,20260719_2011,3,8.0,0.0005,303.136450780424
7727,Operador 1,3.5,20260719_2011,3,8.0,0.0005,303.136450780424
7723,Operador 2,2.7,20260719_2011,3,8.0,0.0005,303.136450780424
7716,Operador 3,3.5,20260719_2011,3,8.0,0.0005,303.136450780424
7710,Operador 1,3.9,20260719_2011,3,8.0,0.0005,303.136450780424
7702,Operador 2,2.8,20260719_2011,3,8.0,0.0005,303.136450780424
7693,Operador 3,2.7,20260719_2011,3,8.0,0.0005,303.136450780424
7692,Operador 1,2.8,20260719_2011,3,8.0,0.0005,303.136450780424
7690,Operador 2,3.5,20260719_2011,3,8.0,0.0005,303.136450780424
7681,Operador 3,2.6,20260719_2011,3,8.0,0.0005,303.136450780424
7680,Operador 1,3.9,20260719_2011,3,8.0,0.0005,303.136450780424
7677,Operador 2,3.5,20260719_2011,3,8.0,0.0005,303.136450780424
7675,Operador 3,2.8,20260719_2011,3,8.0,0.0005,303.136450780424
7672,Operador 1,3.9,20260719_2011,3,8.0,0.0005,303.136450780424
7663,Operador 2,3.5,20260719_2011,3,8.0,0.0005,303.136450780424
7659,Operador 3,2.7,20260719_2011,3,8.0,0.0005,303.136450780424
7651,Operador 1,2.1,20260719_2011,3,8.0,0.0005,303.136450780424
7649,Operador 2,2.6,20260719_2011,3,8.0,0.0005,303.136450780424
7645,Operador 3,3.9,20260719_2011,3,8.0,0.0005,303.136450780424
7643,Operador 1,3.5,20260719_2011,3,8.0,0.0005,303.136450780424
7642,Operador 2,3.6,20260719_2011,3,8.0,0.0005,303.136450780424
7640,Operador 3,3.6,20260719_2011,3,8.0,0.0005,303.136450780424
7637,Operador 1,2.0,20260719_2011,3,8.0,0.0005,303.136450780424
7634,Operador 2,3.5,20260719_2011,3,8.0,0.0005,303.136450780424
7631,Operador 3,3.5,20260719_2011,3,8.0,0.0005,303.136450780424
7627,Operador 1,2.8,20260719_2011,3,8.0,0.0005,303.136450780424
7626,Operador 2,3.5,20260719_2011,3,8.0,0.0005,303.136450780424
7624,Operador 3,2.8,20260719_2011,3,8.0,0.0005,303.136450780424
7623,Operador 1,3.5,20260719_2011,3,8.0,0.0005,303.136450780424
7615,Operador 2,2.8,20260719_2011,3,8.0,0.0005,303.136450780424
7612,Operador 3,2.0,20260719_2011,3,8.0,0.0005,303.136450780424
7604,Operador 1,2.8,20260719_2011,3,8.0,0.0005,303.136450780424
7601,Operador 2,3.5,20260719_2011,3,8.0,0.0005,303.136450780424
266,Operador 1,5.0,20260719_2015,3,8.0,0.0125,368.1598985145551
264,Operador 2,5.0,20260719_2015,3,8.0,0.0125,368.1598985145551
263,Operador 3,5.0,20260719_2015,3,8.0,0.0125,368.1598985145551
261,Operador 1,5.0,20260719_2015,3,8.0,0.0125,368.1598985145551
260,Operador 2,5.0,20260719_2015,3,8.0,0.0125,368.1598985145551
258,Operador 3,5.0,20260719_2015,3,8.0,0.0125,368.1598985145551
257,Operador 1,5.0,20260719_2015,3,8.0,0.0125,368.1598985145551
256,Operador 2,5.0,20260719_2015,3,8.0,0.0125,368.1598985145551
255,Operador 3,5.0,20260719_2015,3,8.0,0.0125,368.1598985145551
254,Operador 1,5.0,20260719_2015,3,8.0,0.0125,368.1598985145551
253,Operador 2,5.0,20260719_2015,3,8.0,0.0125,368.1598985145551
252,Operador 3,5.0,20260719_2015,3,8.0,0.0125,368.1598985145551
213,Operador 1,5.0,20260719_2015,3,8.0,0.0125,368.1598985145551
212,Operador 2,5.0,20260719_2015,3,8.0,0.0125,368.1598985145551
211,Operador 3,5.0,20260719_2015,3,8.0,0.0125,368.1598985145551
209,Operador 1,5.0,20260719_2015,3,8.0,0.0125,368.1598985145551
207,Operador 2,5.0,20260719_2015,3,8.0,0.0125,368.1598985145551
201,Operador 3,5.0,20260719_2015,3,8.0,0.0125,368.1598985145551
1259,Operador 1,5.0,20260719_2015,3,8.0,0.0125,368.1598985145551
315,Operador 2,5.0,20260719_2015,3,8.0,0.0125,368.1598985145551
313,Operador 3,5.0,20260719_2015,3,8.0,0.0125,368.1598985145551
312,Operador 1,5.0,20260719_2015,3,8.0,0.0125,368.1598985145551
311,Operador 2,5.0,20260719_2015,3,8.0,0.0125,368.1598985145551
310,Operador 3,5.0,20260719_2015,3,8.0,0.0125,368.1598985145551
309,Operador 1,5.0,20260719_2015,3,8.0,0.0125,368.1598985145551
308,Operador 2,5.0,20260719_2015,3,8.0,0.0125,368.1598985145551
307,Operador 3,5.0,20260719_2015,3,8.0,0.0125,368.1598985145551
306,Operador 1,5.0,20260719_2015,3,8.0,0.0125,368.1598985145551
304,Operador 2,5.0,20260719_2015,3,8.0,0.0125,368.1598985145551
303,Operador 3,5.0,20260719_2015,3,8.0,0.0125,368.1598985145551
301,Operador 1,5.0,20260719_2015,3,8.0,0.0125,368.1598985145551
9435,Operador 2,5.0,20260719_2015,3,8.0,0.0125,368.1598985145551
9434,Operador 3,5.0,20260719_2015,3,8.0,0.0125,368.1598985145551
9426,Operador 1,5.0,20260719_2015,3,8.0,0.0125,368.1598985145551
9425,Operador 2,5.0,20260719_2015,3,8.0,0.0125,368.1598985145551
9424,Operador 3,5.0,20260719_2015,3,8.0,0.0125,368.1598985145551
9422,Operador 1,5.0,20260719_2015,3,8.0,0.0125,368.1598985145551
9419,Operador 2,5.0,20260719_2015,3,8.0,0.0125,368.1598985145551
9390,Operador 3,5.0,20260719_2015,3,8.0,0.0125,368.1598985145551
9371,Operador 1,5.0,20260719_2015,3,8.0,0.0125,368.1598985145551
9370,Operador 2,5.0,20260719_2015,3,8.0,0.0125,368.1598985145551
9359,Operador 3,5.0,20260719_2015,3,8.0,0.0125,368.1598985145551
9355,Operador 1,5.0,20260719_2015,3,8.0,0.0125,368.1598985145551
9353,Operador 2,5.0,20260719_2015,3,8.0,0.0125,368.1598985145551
9345,Operador 3,5.0,20260719_2015,3,8.0,0.0125,368.1598985145551
9340,Operador 1,5.0,20260719_2015,3,8.0,0.0125,368.1598985145551
9339,Operador 2,5.0,20260719_2015,3,8.0,0.0125,368.1598985145551
9337,Operador 3,5.0,20260719_2015,3,8.0,0.0125,368.1598985145551
9333,Operador 1,5.0,20260719_2015,3,8.0,0.0125,368.1598985145551
9326,Operador 2,5.0,20260719_2015,3,8.0,0.0125,368.1598985145551
9320,Operador 3,5.0,20260719_2015,3,8.0,0.0125,368.1598985145551
9312,Operador 1,5.0,20260719_2015,3,8.0,0.0125,368.1598985145551
9311,Operador 2,5.0,20260719_2015,3,8.0,0.0125,368.1598985145551
9310,Operador 3,5.0,20260719_2015,3,8.0,0.0125,368.1598985145551
9305,Operador 1,5.0,20260719_2015,3,8.0,0.0125,368.1598985145551
8257,Operador 2,5.0,20260719_2015,3,8.0,0.0125,368.1598985145551
8256,Operador 3,5.0,20260719_2015,3,8.0,0.0125,368.1598985145551
8251,Operador 1,5.0,20260719_2015,3,8.0,0.0125,368.1598985145551
8002,Operador 2,5.0,20260719_2015,3,8.0,0.0125,368.1598985145551
7741,Operador 3,5.0,20260719_2015,3,8.0,0.0125,368.1598985145551
7739,Operador 1,5.0,20260719_2015,3,8.0,0.0125,368.1598985145551
7735,Operador 2,5.0,20260719_2015,3,8.0,0.0125,368.1598985145551
7733,Operador 3,5.0,20260719_2015,3,8.0,0.0125,368.1598985145551
7731,Operador 1,5.0,20260719_2015,3,8.0,0.0125,368.1598985145551
7729,Operador 2,5.0,20260719_2015,3,8.0,0.0125,368.1598985145551
7728,Operador 3,5.0,20260719_2015,3,8.0,0.0125,368.1598985145551
7727,Operador 1,5.0,20260719_2015,3,8.0,0.0125,368.1598985145551
7723,Operador 2,5.0,20260719_2015,3,8.0,0.0125,368.1598985145551
7716,Operador 3,5.0,20260719_2015,3,8.0,0.0125,368.1598985145551
7710,Operador 1,5.0,20260719_2015,3,8.0,0.0125,368.1598985145551
7702,Operador 2,5.0,20260719_2015,3,8.0,0.0125,368.1598985145551
7693,Operador 3,5.0,20260719_2015,3,8.0,0.0125,368.1598985145551
7692,Operador 1,5.0,20260719_2015,3,8.0,0.0125,368.1598985145551
7690,Operador 2,5.0,20260719_2015,3,8.0,0.0125,368.1598985145551
7681,Operador 3,5.0,20260719_2015,3,8.0,0.0125,368.1598985145551
7680,Operador 1,5.0,20260719_2015,3,8.0,0.0125,368.1598985145551
7677,Operador 2,5.0,20260719_2015,3,8.0,0.0125,368.1598985145551
7675,Operador 3,5.0,20260719_2015,3,8.0,0.0125,368.1598985145551
7672,Operador 1,5.0,20260719_2015,3,8.0,0.0125,368.1598985145551
7663,Operador 2,5.0,20260719_2015,3,8.0,0.0125,368.1598985145551
7659,Operador 3,5.0,20260719_2015,3,8.0,0.0125,368.1598985145551
7651,Operador 1,5.0,20260719_2015,3,8.0,0.0125,368.1598985145551
7649,Operador 2,5.0,20260719_2015,3,8.0,0.0125,368.1598985145551
7645,Operador 3,5.0,20260719_2015,3,8.0,0.0125,368.1598985145551
7643,Operador 1,5.0,20260719_2015,3,8.0,0.0125,368.1598985145551
7642,Operador 2,5.0,20260719_2015,3,8.0,0.0125,368.1598985145551
7640,Operador 3,5.0,20260719_2015,3,8.0,0.0125,368.1598985145551
7637,Operador 1,5.0,20260719_2015,3,8.0,0.0125,368.1598985145551
7634,Operador 2,5.0,20260719_2015,3,8.0,0.0125,368.1598985145551
7631,Operador 3,5.0,20260719_2015,3,8.0,0.0125,368.1598985145551
7627,Operador 1,5.0,20260719_2015,3,8.0,0.0125,368.1598985145551
7626,Operador 2,5.0,20260719_2015,3,8.0,0.0125,368.1598985145551
7624,Operador 3,5.0,20260719_2015,3,8.0,0.0125,368.1598985145551
7623,Operador 1,5.0,20260719_2015,3,8.0,0.0125,368.1598985145551
7615,Operador 2,5.0,20260719_2015,3,8.0,0.0125,368.1598985145551
7612,Operador 3,5.0,20260719_2015,3,8.0,0.0125,368.1598985145551
7604,Operador 1,5.0,20260719_2015,3,8.0,0.0125,368.1598985145551
7601,Operador 2,5.0,20260719_2015,3,8.0,0.0125,368.1598985145551
266,Operador 1,5.0,20260719_2017,3,8.0,0.011,370.8580112725053
264,Operador 2,5.0,20260719_2017,3,8.0,0.011,370.8580112725053
263,Operador 3,5.0,20260719_2017,3,8.0,0.011,370.8580112725053
261,Operador 1,5.0,20260719_2017,3,8.0,0.011,370.8580112725053
260,Operador 2,5.0,20260719_2017,3,8.0,0.011,370.8580112725053
258,Operador 3,5.0,20260719_2017,3,8.0,0.011,370.8580112725053
257,Operador 1,5.0,20260719_2017,3,8.0,0.011,370.8580112725053
256,Operador 2,5.0,20260719_2017,3,8.0,0.011,370.8580112725053
255,Operador 3,5.0,20260719_2017,3,8.0,0.011,370.8580112725053
254,Operador 1,5.0,20260719_2017,3,8.0,0.011,370.8580112725053
253,Operador 2,5.0,20260719_2017,3,8.0,0.011,370.8580112725053
252,Operador 3,5.0,20260719_2017,3,8.0,0.011,370.8580112725053
213,Operador 1,5.0,20260719_2017,3,8.0,0.011,370.8580112725053
212,Operador 2,5.0,20260719_2017,3,8.0,0.011,370.8580112725053
211,Operador 3,5.0,20260719_2017,3,8.0,0.011,370.8580112725053
209,Operador 1,5.0,20260719_2017,3,8.0,0.011,370.8580112725053
207,Operador 2,5.0,20260719_2017,3,8.0,0.011,370.8580112725053
201,Operador 3,5.0,20260719_2017,3,8.0,0.011,370.8580112725053
1259,Operador 1,5.0,20260719_2017,3,8.0,0.011,370.8580112725053
315,Operador 2,5.0,20260719_2017,3,8.0,0.011,370.8580112725053
313,Operador 3,5.0,20260719_2017,3,8.0,0.011,370.8580112725053
312,Operador 1,5.0,20260719_2017,3,8.0,0.011,370.8580112725053
311,Operador 2,5.0,20260719_2017,3,8.0,0.011,370.8580112725053
310,Operador 3,5.0,20260719_2017,3,8.0,0.011,370.8580112725053
309,Operador 1,5.0,20260719_2017,3,8.0,0.011,370.8580112725053
308,Operador 2,5.0,20260719_2017,3,8.0,0.011,370.8580112725053
307,Operador 3,5.0,20260719_2017,3,8.0,0.011,370.8580112725053
306,Operador 1,5.0,20260719_2017,3,8.0,0.011,370.8580112725053
304,Operador 2,5.0,20260719_2017,3,8.0,0.011,370.8580112725053
303,Operador 3,5.0,20260719_2017,3,8.0,0.011,370.8580112725053
301,Operador 1,5.0,20260719_2017,3,8.0,0.011,370.8580112725053
9435,Operador 2,5.0,20260719_2017,3,8.0,0.011,370.8580112725053
9434,Operador 3,5.0,20260719_2017,3,8.0,0.011,370.8580112725053
9426,Operador 1,5.0,20260719_2017,3,8.0,0.011,370.8580112725053
9425,Operador 2,5.0,20260719_2017,3,8.0,0.011,370.8580112725053
9424,Operador 3,5.0,20260719_2017,3,8.0,0.011,370.8580112725053
9422,Operador 1,5.0,20260719_2017,3,8.0,0.011,370.8580112725053
9419,Operador 2,5.0,20260719_2017,3,8.0,0.011,370.8580112725053
9390,Operador 3,5.0,20260719_2017,3,8.0,0.011,370.8580112725053
9371,Operador 1,5.0,20260719_2017,3,8.0,0.011,370.8580112725053
9370,Operador 2,5.0,20260719_2017,3,8.0,0.011,370.8580112725053
9359,Operador 3,5.0,20260719_2017,3,8.0,0.011,370.8580112725053
9355,Operador 1,5.0,20260719_2017,3,8.0,0.011,370.8580112725053
9353,Operador 2,5.0,20260719_2017,3,8.0,0.011,370.8580112725053
9345,Operador 3,5.0,20260719_2017,3,8.0,0.011,370.8580112725053
9340,Operador 1,5.0,20260719_2017,3,8.0,0.011,370.8580112725053
9339,Operador 2,5.0,20260719_2017,3,8.0,0.011,370.8580112725053
9337,Operador 3,5.0,20260719_2017,3,8.0,0.011,370.8580112725053
9333,Operador 1,5.0,20260719_2017,3,8.0,0.011,370.8580112725053
9326,Operador 2,5.0,20260719_2017,3,8.0,0.011,370.8580112725053
9320,Operador 3,5.0,20260719_2017,3,8.0,0.011,370.8580112725053
9312,Operador 1,5.0,20260719_2017,3,8.0,0.011,370.8580112725053
9311,Operador 2,5.0,20260719_2017,3,8.0,0.011,370.8580112725053
9310,Operador 3,5.0,20260719_2017,3,8.0,0.011,370.8580112725053
9305,Operador 1,5.0,20260719_2017,3,8.0,0.011,370.8580112725053
8257,Operador 2,5.0,20260719_2017,3,8.0,0.011,370.8580112725053
8256,Operador 3,5.0,20260719_2017,3,8.0,0.011,370.8580112725053
8251,Operador 1,5.0,20260719_2017,3,8.0,0.011,370.8580112725053
8002,Operador 2,5.0,20260719_2017,3,8.0,0.011,370.8580112725053
7741,Operador 3,5.0,20260719_2017,3,8.0,0.011,370.8580112725053
7739,Operador 1,5.0,20260719_2017,3,8.0,0.011,370.8580112725053
7735,Operador 2,5.0,20260719_2017,3,8.0,0.011,370.8580112725053
7733,Operador 3,5.0,20260719_2017,3,8.0,0.011,370.8580112725053
7731,Operador 1,5.0,20260719_2017,3,8.0,0.011,370.8580112725053
7729,Operador 2,5.0,20260719_2017,3,8.0,0.011,370.8580112725053
7728,Operador 3,5.0,20260719_2017,3,8.0,0.011,370.8580112725053
7727,Operador 1,5.0,20260719_2017,3,8.0,0.011,370.8580112725053
7723,Operador 2,5.0,20260719_2017,3,8.0,0.011,370.8580112725053
7716,Operador 3,5.0,20260719_2017,3,8.0,0.011,370.8580112725053
7710,Operador 1,5.0,20260719_2017,3,8.0,0.011,370.8580112725053
7702,Operador 2,5.0,20260719_2017,3,8.0,0.011,370.8580112725053
7693,Operador 3,5.0,20260719_2017,3,8.0,0.011,370.8580112725053
7692,Operador 1,5.0,20260719_2017,3,8.0,0.011,370.8580112725053
7690,Operador 2,5.0,20260719_2017,3,8.0,0.011,370.8580112725053
7681,Operador 3,5.0,20260719_2017,3,8.0,0.011,370.8580112725053
7680,Operador 1,5.0,20260719_2017,3,8.0,0.011,370.8580112725053
7677,Operador 2,5.0,20260719_2017,3,8.0,0.011,370.8580112725053
7675,Operador 3,5.0,20260719_2017,3,8.0,0.011,370.8580112725053
7672,Operador 1,5.0,20260719_2017,3,8.0,0.011,370.8580112725053
7663,Operador 2,5.0,20260719_2017,3,8.0,0.011,370.8580112725053
7659,Operador 3,5.0,20260719_2017,3,8.0,0.011,370.8580112725053
7651,Operador 1,5.0,20260719_2017,3,8.0,0.011,370.8580112725053
7649,Operador 2,5.0,20260719_2017,3,8.0,0.011,370.8580112725053
7645,Operador 3,5.0,20260719_2017,3,8.0,0.011,370.8580112725053
7643,Operador 1,5.0,20260719_2017,3,8.0,0.011,370.8580112725053
7642,Operador 2,5.0,20260719_2017,3,8.0,0.011,370.8580112725053
7640,Operador 3,5.0,20260719_2017,3,8.0,0.011,370.8580112725053
7637,Operador 1,5.0,20260719_2017,3,8.0,0.011,370.8580112725053
7634,Operador 2,5.0,20260719_2017,3,8.0,0.011,370.8580112725053
7631,Operador 3,5.0,20260719_2017,3,8.0,0.011,370.8580112725053
7627,Operador 1,5.0,20260719_2017,3,8.0,0.011,370.8580112725053
7626,Operador 2,5.0,20260719_2017,3,8.0,0.011,370.8580112725053
7624,Operador 3,5.0,20260719_2017,3,8.0,0.011,370.8580112725053
7623,Operador 1,5.0,20260719_2017,3,8.0,0.011,370.8580112725053
7615,Operador 2,5.0,20260719_2017,3,8.0,0.011,370.8580112725053
7612,Operador 3,5.0,20260719_2017,3,8.0,0.011,370.8580112725053
7604,Operador 1,5.0,20260719_2017,3,8.0,0.011,370.8580112725053
7601,Operador 2,5.0,20260719_2017,3,8.0,0.011,370.8580112725053
8257,Operador 1,48.1,20260719_2021,3,8.0,1.0,694.882194223858
8256,Operador 2,36.7,20260719_2021,3,8.0,1.0,694.882194223858
8251,Operador 3,35.9,20260719_2021,3,8.0,1.0,694.882194223858
209,Operador 3,35.4,20260719_2021,3,8.0,1.0,694.882194223858
7604,Operador 2,33.7,20260719_2021,3,8.0,1.0,694.882194223858
312,Operador 1,28.6,20260719_2021,3,8.0,1.0,694.882194223858
301,Operador 2,28.4,20260719_2021,3,8.0,1.0,694.882194223858
211,Operador 3,27.7,20260719_2021,3,8.0,1.0,694.882194223858
212,Operador 1,27.7,20260719_2021,3,8.0,1.0,694.882194223858
260,Operador 2,27.6,20260719_2021,3,8.0,1.0,694.882194223858
207,Operador 3,27.0,20260719_2021,3,8.0,1.0,694.882194223858
311,Operador 1,26.4,20260719_2021,3,8.0,1.0,694.882194223858
201,Operador 3,26.1,20260719_2021,3,8.0,1.0,694.882194223858
303,Operador 2,25.6,20260719_2021,3,8.0,1.0,694.882194223858
8002,Operador 1,25.4,20260719_2021,3,8.0,1.0,694.882194223858
7663,Operador 2,25.1,20260719_2021,3,8.0,1.0,694.882194223858
1259,Operador 3,24.6,20260719_2021,3,8.0,1.0,694.882194223858
306,Operador 1,24.5,20260719_2021,3,8.0,1.0,694.882194223858
261,Operador 3,23.0,20260719_2021,3,8.0,1.0,694.882194223858
252,Operador 2,23.0,20260719_2021,3,8.0,1.0,694.882194223858
308,Operador 1,22.2,20260719_2021,3,8.0,1.0,694.882194223858
304,Operador 3,22.2,20260719_2021,3,8.0,1.0,694.882194223858
310,Operador 2,21.8,20260719_2021,3,8.0,1.0,694.882194223858
7642,Operador 1,21.5,20260719_2021,3,8.0,1.0,694.882194223858
307,Operador 2,21.1,20260719_2021,3,8.0,1.0,694.882194223858
7692,Operador 3,20.2,20260719_2021,3,8.0,1.0,694.882194223858
264,Operador 1,20.0,20260719_2021,3,8.0,1.0,694.882194223858
7681,Operador 3,19.9,20260719_2021,3,8.0,1.0,694.882194223858
257,Operador 2,19.7,20260719_2021,3,8.0,1.0,694.882194223858
256,Operador 1,19.5,20260719_2021,3,8.0,1.0,694.882194223858
254,Operador 3,19.3,20260719_2021,3,8.0,1.0,694.882194223858
253,Operador 2,19.2,20260719_2021,3,8.0,1.0,694.882194223858
313,Operador 1,18.6,20260719_2021,3,8.0,1.0,694.882194223858
7612,Operador 3,18.5,20260719_2021,3,8.0,1.0,694.882194223858
7672,Operador 2,18.5,20260719_2021,3,8.0,1.0,694.882194223858
7623,Operador 1,18.4,20260719_2021,3,8.0,1.0,694.882194223858
309,Operador 3,18.3,20260719_2021,3,8.0,1.0,694.882194223858
7723,Operador 2,18.1,20260719_2021,3,8.0,1.0,694.882194223858
255,Operador 1,18.0,20260719_2021,3,8.0,1.0,694.882194223858
7631,Operador 3,18.0,20260719_2021,3,8.0,1.0,694.882194223858
263,Operador 2,17.9,20260719_2021,3,8.0,1.0,694.882194223858
7645,Operador 1,17.4,20260719_2021,3,8.0,1.0,694.882194223858
7624,Operador 3,16.9,20260719_2021,3,8.0,1.0,694.882194223858
7649,Operador 1,16.6,20260719_2021,3,8.0,1.0,694.882194223858
7626,Operador 2,16.6,20260719_2021,3,8.0,1.0,694.882194223858
258,Operador 1,16.3,20260719_2021,3,8.0,1.0,694.882194223858
213,Operador 2,15.6,20260719_2021,3,8.0,1.0,694.882194223858
315,Operador 3,15.1,20260719_2021,3,8.0,1.0,694.882194223858
7637,Operador 3,14.8,20260719_2021,3,8.0,1.0,694.882194223858
7680,Operador 2,14.7,20260719_2021,3,8.0,1.0,694.882194223858
7640,Operador 1,14.4,20260719_2021,3,8.0,1.0,694.882194223858
7627,Operador 3,14.2,20260719_2021,3,8.0,1.0,694.882194223858
7634,Operador 2,13.8,20260719_2021,3,8.0,1.0,694.882194223858
7677,Operador 1,13.7,20260719_2021,3,8.0,1.0,694.882194223858
7735,Operador 2,13.6,20260719_2021,3,8.0,1.0,694.882194223858
7733,Operador 3,12.9,20260719_2021,3,8.0,1.0,694.882194223858
7739,Operador 1,12.4,20260719_2021,3,8.0,1.0,694.882194223858
9333,Operador 1,11.6,20260719_2021,3,8.0,1.0,694.882194223858
7741,Operador 3,11.5,20260719_2021,3,8.0,1.0,694.882194223858
7651,Operador 2,11.5,20260719_2021,3,8.0,1.0,694.882194223858
7729,Operador 1,11.1,20260719_2021,3,8.0,1.0,694.882194223858
9311,Operador 3,11.0,20260719_2021,3,8.0,1.0,694.882194223858
7728,Operador 2,10.9,20260719_2021,3,8.0,1.0,694.882194223858
7716,Operador 1,10.7,20260719_2021,3,8.0,1.0,694.882194223858
7601,Operador 3,10.7,20260719_2021,3,8.0,1.0,694.882194223858
7731,Operador 2,10.4,20260719_2021,3,8.0,1.0,694.882194223858
7727,Operador 1,10.3,20260719_2021,3,8.0,1.0,694.882194223858
7675,Operador 3,10.1,20260719_2021,3,8.0,1.0,694.882194223858
9424,Operador 2,9.8,20260719_2021,3,8.0,1.0,694.882194223858
7690,Operador 2,9.8,20260719_2021,3,8.0,1.0,694.882194223858
9435,Operador 1,9.7,20260719_2021,3,8.0,1.0,694.882194223858
7693,Operador 3,9.7,20260719_2021,3,8.0,1.0,694.882194223858
266,Operador 2,9.7,20260719_2021,3,8.0,1.0,694.882194223858
9310,Operador 1,9.5,20260719_2021,3,8.0,1.0,694.882194223858
7643,Operador 3,9.3,20260719_2021,3,8.0,1.0,694.882194223858
9312,Operador 3,9.2,20260719_2021,3,8.0,1.0,694.882194223858
9371,Operador 2,9.1,20260719_2021,3,8.0,1.0,694.882194223858
7659,Operador 1,9.1,20260719_2021,3,8.0,1.0,694.882194223858
7615,Operador 3,7.9,20260719_2021,3,8.0,1.0,694.882194223858
9320,Operador 1,7.9,20260719_2021,3,8.0,1.0,694.882194223858
9419,Operador 2,7.7,20260719_2021,3,8.0,1.0,694.882194223858
7702,Operador 2,6.6,20260719_2021,3,8.0,1.0,694.882194223858
9326,Operador 3,5.1,20260719_2021,3,8.0,1.0,694.882194223858
7710,Operador 1,5.0,20260719_2021,3,8.0,1.0,694.882194223858
9434,Operador 1,5.0,20260719_2021,3,8.0,1.0,694.882194223858
9426,Operador 3,5.0,20260719_2021,3,8.0,1.0,694.882194223858
9390,Operador 2,5.0,20260719_2021,3,8.0,1.0,694.882194223858
9355,Operador 1,5.0,20260719_2021,3,8.0,1.0,694.882194223858
9425,Operador 3,5.0,20260719_2021,3,8.0,1.0,694.882194223858
9422,Operador 2,5.0,20260719_2021,3,8.0,1.0,694.882194223858
9345,Operador 1,5.0,20260719_2021,3,8.0,1.0,694.882194223858
9340,Operador 3,5.0,20260719_2021,3,8.0,1.0,694.882194223858
9339,Operador 2,5.0,20260719_2021,3,8.0,1.0,694.882194223858
9353,Operador 1,5.0,20260719_2021,3,8.0,1.0,694.882194223858
9337,Operador 3,5.0,20260719_2021,3,8.0,1.0,694.882194223858
9305,Operador 2,5.0,20260719_2021,3,8.0,1.0,694.882194223858
9359,Operador 1,5.0,20260719_2021,3,8.0,1.0,694.882194223858
9370,Operador 3,5.0,20260719_2021,3,8.0,1.0,694.882194223858
8257,Operador 1,48.7,20260719_2026,4,8.0,1.0,655.9295750993122
8256,Operador 2,37.7,20260719_2026,4,8.0,1.0,655.9295750993122
8251,Operador 3,35.7,20260719_2026,4,8.0,1.0,655.9295750993122
209,Operador 4,34.3,20260719_2026,4,8.0,1.0,655.9295750993122
7604,Operador 4,33.2,20260719_2026,4,8.0,1.0,655.9295750993122
312,Operador 3,28.4,20260719_2026,4,8.0,1.0,655.9295750993122
301,Operador 2,28.4,20260719_2026,4,8.0,1.0,655.9295750993122
212,Operador 1,28.3,20260719_2026,4,8.0,1.0,655.9295750993122
211,Operador 3,27.8,20260719_2026,4,8.0,1.0,655.9295750993122
260,Operador 2,27.4,20260719_2026,4,8.0,1.0,655.9295750993122
207,Operador 4,27.1,20260719_2026,4,8.0,1.0,655.9295750993122
311,Operador 1,26.5,20260719_2026,4,8.0,1.0,655.9295750993122
201,Operador 3,25.6,20260719_2026,4,8.0,1.0,655.9295750993122
8002,Operador 2,25.3,20260719_2026,4,8.0,1.0,655.9295750993122
7663,Operador 4,25.1,20260719_2026,4,8.0,1.0,655.9295750993122
303,Operador 1,25.0,20260719_2026,4,8.0,1.0,655.9295750993122
1259,Operador 3,24.1,20260719_2026,4,8.0,1.0,655.9295750993122
306,Operador 2,23.4,20260719_2026,4,8.0,1.0,655.9295750993122
252,Operador 4,23.0,20260719_2026,4,8.0,1.0,655.9295750993122
308,Operador 1,22.6,20260719_2026,4,8.0,1.0,655.9295750993122
261,Operador 3,22.4,20260719_2026,4,8.0,1.0,655.9295750993122
304,Operador 2,21.6,20260719_2026,4,8.0,1.0,655.9295750993122
310,Operador 4,20.8,20260719_2026,4,8.0,1.0,655.9295750993122
257,Operador 1,20.7,20260719_2026,4,8.0,1.0,655.9295750993122
7642,Operador 4,20.5,20260719_2026,4,8.0,1.0,655.9295750993122
307,Operador 2,20.3,20260719_2026,4,8.0,1.0,655.9295750993122
254,Operador 3,19.6,20260719_2026,4,8.0,1.0,655.9295750993122
264,Operador 1,19.6,20260719_2026,4,8.0,1.0,655.9295750993122
7612,Operador 3,19.5,20260719_2026,4,8.0,1.0,655.9295750993122
7681,Operador 4,19.1,20260719_2026,4,8.0,1.0,655.9295750993122
256,Operador 2,19.0,20260719_2026,4,8.0,1.0,655.9295750993122
7692,Operador 1,19.0,20260719_2026,4,8.0,1.0,655.9295750993122
253,Operador 4,18.9,20260719_2026,4,8.0,1.0,655.9295750993122
313,Operador 2,18.6,20260719_2026,4,8.0,1.0,655.9295750993122
7672,Operador 3,18.5,20260719_2026,4,8.0,1.0,655.9295750993122
7623,Operador 1,18.3,20260719_2026,4,8.0,1.0,655.9295750993122
263,Operador 3,18.2,20260719_2026,4,8.0,1.0,655.9295750993122
255,Operador 2,18.1,20260719_2026,4,8.0,1.0,655.9295750993122
309,Operador 4,18.1,20260719_2026,4,8.0,1.0,655.9295750993122
7723,Operador 1,18.1,20260719_2026,4,8.0,1.0,655.9295750993122
258,Operador 2,17.7,20260719_2026,4,8.0,1.0,655.9295750993122
7645,Operador 3,17.6,20260719_2026,4,8.0,1.0,655.9295750993122
213,Operador 4,17.1,20260719_2026,4,8.0,1.0,655.9295750993122
7626,Operador 1,17.0,20260719_2026,4,8.0,1.0,655.9295750993122
7631,Operador 4,16.9,20260719_2026,4,8.0,1.0,655.9295750993122
7624,Operador 2,16.3,20260719_2026,4,8.0,1.0,655.9295750993122
7649,Operador 3,16.2,20260719_2026,4,8.0,1.0,655.9295750993122
7637,Operador 1,15.9,20260719_2026,4,8.0,1.0,655.9295750993122
7680,Operador 3,15.3,20260719_2026,4,8.0,1.0,655.9295750993122
315,Operador 2,14.8,20260719_2026,4,8.0,1.0,655.9295750993122
7627,Operador 4,14.4,20260719_2026,4,8.0,1.0,655.9295750993122
7640,Operador 1,14.3,20260719_2026,4,8.0,1.0,655.9295750993122
7677,Operador 4,14.1,20260719_2026,4,8.0,1.0,655.9295750993122
7739,Operador 2,13.6,20260719_2026,4,8.0,1.0,655.9295750993122
7735,Operador 3,13.6,20260719_2026,4,8.0,1.0,655.9295750993122
7634,Operador 1,13.1,20260719_2026,4,8.0,1.0,655.9295750993122
7733,Operador 2,12.1,20260719_2026,4,8.0,1.0,655.9295750993122
9333,Operador 4,11.6,20260719_2026,4,8.0,1.0,655.9295750993122
7741,Operador 3,11.5,20260719_2026,4,8.0,1.0,655.9295750993122
7651,Operador 1,11.5,20260719_2026,4,8.0,1.0,655.9295750993122
7731,Operador 3,11.0,20260719_2026,4,8.0,1.0,655.9295750993122
9311,Operador 4,11.0,20260719_2026,4,8.0,1.0,655.9295750993122
7601,Operador 2,11.0,20260719_2026,4,8.0,1.0,655.9295750993122
7728,Operador 1,10.9,20260719_2026,4,8.0,1.0,655.9295750993122
7729,Operador 3,10.8,20260719_2026,4,8.0,1.0,655.9295750993122
7716,Operador 4,10.7,20260719_2026,4,8.0,1.0,655.9295750993122
7690,Operador 2,10.7,20260719_2026,4,8.0,1.0,655.9295750993122
7675,Operador 1,10.5,20260719_2026,4,8.0,1.0,655.9295750993122
7727,Operador 4,10.4,20260719_2026,4,8.0,1.0,655.9295750993122
9310,Operador 3,10.2,20260719_2026,4,8.0,1.0,655.9295750993122
9424,Operador 2,9.8,20260719_2026,4,8.0,1.0,655.9295750993122
7693,Operador 1,9.7,20260719_2026,4,8.0,1.0,655.9295750993122
266,Operador 2,9.7,20260719_2026,4,8.0,1.0,655.9295750993122
7659,Operador 3,9.3,20260719_2026,4,8.0,1.0,655.9295750993122
9435,Operador 4,9.3,20260719_2026,4,8.0,1.0,655.9295750993122
9320,Operador 1,9.2,20260719_2026,4,8.0,1.0,655.9295750993122
9312,Operador 3,9.2,20260719_2026,4,8.0,1.0,655.9295750993122
9371,Operador 2,9.1,20260719_2026,4,8.0,1.0,655.9295750993122
7643,Operador 4,8.8,20260719_2026,4,8.0,1.0,655.9295750993122
9419,Operador 1,7.7,20260719_2026,4,8.0,1.0,655.9295750993122
7615,Operador 4,7.3,20260719_2026,4,8.0,1.0,655.9295750993122
7702,Operador 2,6.4,20260719_2026,4,8.0,1.0,655.9295750993122
9340,Operador 3,6.2,20260719_2026,4,8.0,1.0,655.9295750993122
7710,Operador 1,5.0,20260719_2026,4,8.0,1.0,655.9295750993122
9434,Operador 3,5.0,20260719_2026,4,8.0,1.0,655.9295750993122
9426,Operador 2,5.0,20260719_2026,4,8.0,1.0,655.9295750993122
9390,Operador 1,5.0,20260719_2026,4,8.0,1.0,655.9295750993122
9355,Operador 4,5.0,20260719_2026,4,8.0,1.0,655.9295750993122
9425,Operador 3,5.0,20260719_2026,4,8.0,1.0,655.9295750993122
9422,Operador 2,5.0,20260719_2026,4,8.0,1.0,655.9295750993122
9345,Operador 1,5.0,20260719_2026,4,8.0,1.0,655.9295750993122
9339,Operador 4,5.0,20260719_2026,4,8.0,1.0,655.9295750993122
9337,Operador 3,5.0,20260719_2026,4,8.0,1.0,655.9295750993122
9353,Operador 2,5.0,20260719_2026,4,8.0,1.0,655.9295750993122
9305,Operador 1,5.0,20260719_2026,4,8.0,1.0,655.9295750993122
9326,Operador 4,5.0,20260719_2026,4,8.0,1.0,655.9295750993122
9359,Operador 3,5.0,20260719_2026,4,8.0,1.0,655.9295750993122
9370,Operador 2,5.0,20260719_2026,4,8.0,1.0,655.9295750993122
